user_id,item_id,title,actual_rating,predicted_rating,is_rating_float
A10ZBR6O8S8OCY,B00EF1QRMU,"Toni&amp;Guy Glamour Volume Plumping Whip, 2.82 Fluid Ounce",4.0,4.0,True
ABPNZ9RKXOP0E,B000V5Z4J6,Philips Sonicare UV Sanitizer,5.0,4.0,True
A198RQKA8VFDQ8,B00AQXD2HO,SenzAway Tooth Desensitizing Gel,5.0,4.0,True
A6FIAB28IS79,B000H6A02A,Remington MS2-390 Microscreen Rechargeable/Corded Men's Shaver,5.0,4.0,True
A3FKGKUCI3DG9U,B00W259T7G,"Pre de Provence Artisanal French Soap Bar Enriched with Shea Butter, Quad-Milled For A Smooth &amp; Rich Lather (150 grams) - Raspberry",5.0,4.0,True
AAV5IVZ1RNQU1,B000FTYALG,"Aqua Velva After Shave, Classic Ice Blue, 3.5 Ounce",5.0,4.0,True
A1JZFGZEZVWQPY,B000GLRREU,Waterpik Ultra Water Flosser,5.0,4.0,True
A1IYW63ZV9E8YK,B001F51RBU,Oral-B Glide Threader Floss (Pack of 4),5.0,5.0,True
AA135P8N5Y3MZ,B003M6WYW6,"Gillette Fusion Aftershave Lotion - 3.3 Oz, Pack of 2",5.0,4.0,True
AW7BIYHXUIZ62,B00QHX7NT0,bliss Fabgirlslim Hide and Go Sleek Tinted Body Spray,4.0,4.0,True
A2C58G8O40YC7T,B001V9LAUI,Rimmel London Lasting Finish Intense Wear Lipstick - Birthday Suit,5.0,4.0,True
A6OFD9EMNRTXF,B01AHSUT8M,Lookatool&reg; 4Pcs Makeup Cosmetic Tool Eyeshadow Powder Foundation Blending Brush Set,3.0,4.0,True
A22CW0ZHY3NJH8,B00005JS5C,Panasonic Bikini Shaper and Trimmer for Women ES246AC; Compact; Portable Design with Adjustable Trim Settings; Battery Operated,5.0,4.0,True
A2AAKK8ZTE6G3X,B00FEOT6GQ,True Silk By Croc Professional Dial Flat Iron 1&quot; I-7 Plate RED Color,5.0,4.0,True
A19FRW264WZTGP,B008YQM4A6,Colgate Enamel Health Mouthwash,4.0,4.0,True
ABLOQZIL42W7I,B000NSU25M,"Crest Whitestrips, Daily Multicare, 84 strips",5.0,4.0,True
A2065HBMYDXJ1S,B00PMRE5A2,"Garnier Blur Flaws in 5 Seconds Flat, 0.5 fl. oz./ 15 ml.",3.0,4.0,True
A2DG9F8YOXNY7Y,B00009RB12,Norelco Mens Electric Razor - 7845XL,4.0,4.0,True
A1IU7S4HCK1XK0,B00005354G,"Secret Platinum Protection Antiperspirant &amp; Deodorant, Soft Solid, Unscented (2.6 Ounces)",4.0,4.0,True
A281NPSIMI1C2R,B0006O10P4,"ZUM Zum Bar Anise Lavender, 3 Ounce",5.0,4.0,True
A1118RD3AJD5KH,B001OHV1H4,"Avalon Grapefruit and Geranium Smoothing Shampoo, 11 Ounce",5.0,4.0,True
A1L0QECT7J93ZP,B0012Y0ZG2,Bath &amp; Body Works Ile De Tahiti Moana Coconut Vanille Moana Body Wash with Tamanoi 8.5 oz,5.0,4.0,True
A2TU781PWGS09X,B001OHV1H4,"Avalon Grapefruit and Geranium Smoothing Shampoo, 11 Ounce",2.0,4.0,True
A28G6HAG3I755Y,B001OHV1H4,"Avalon Grapefruit and Geranium Smoothing Shampoo, 11 Ounce",5.0,4.0,True
A2TRMX7KR6IIVA,B001OHV1H4,"Avalon Grapefruit and Geranium Smoothing Shampoo, 11 Ounce",5.0,4.0,True
A2IGYO5UYS44RW,B001OHV1H4,"Avalon Grapefruit and Geranium Smoothing Shampoo, 11 Ounce",5.0,4.0,True
A2ZZ75UB8VK31U,B001OHV1H4,"Avalon Grapefruit and Geranium Smoothing Shampoo, 11 Ounce",5.0,4.0,True
A2D9MTWHD2BFUG,B001OHV1H4,"Avalon Grapefruit and Geranium Smoothing Shampoo, 11 Ounce",5.0,4.0,True
AT9SW0VOLAKQD,B001OHV1H4,"Avalon Grapefruit and Geranium Smoothing Shampoo, 11 Ounce",5.0,4.0,True
A35GLRQ89X0WRD,B01DP8QD22,NUOLUX 150pcs Makeup Lip Brush Lipstick Glossy Wands Applicator Tool Disposable(Black),5.0,4.0,True
A1TEIICSK5IK0V,B001OHV1H4,"Avalon Grapefruit and Geranium Smoothing Shampoo, 11 Ounce",5.0,4.0,True
A2GBIFL43U1LKJ,B001OHV1H4,"Avalon Grapefruit and Geranium Smoothing Shampoo, 11 Ounce",5.0,4.0,True
A309W2EPFGXK7P,B001OHV1H4,"Avalon Grapefruit and Geranium Smoothing Shampoo, 11 Ounce",5.0,4.0,True
A3NFELIADJMJKJ,B001OHV1H4,"Avalon Grapefruit and Geranium Smoothing Shampoo, 11 Ounce",5.0,4.0,True
A2N0CVZO3GPQ45,B001OHV1H4,"Avalon Grapefruit and Geranium Smoothing Shampoo, 11 Ounce",4.0,4.0,True
ASPQVBZP025R8,B001OHV1H4,"Avalon Grapefruit and Geranium Smoothing Shampoo, 11 Ounce",5.0,4.0,True
A2JPQVFMKT94M2,B001OHV1H4,"Avalon Grapefruit and Geranium Smoothing Shampoo, 11 Ounce",5.0,4.0,True
A3JJ3GK8Q39TDE,B001OHV1H4,"Avalon Grapefruit and Geranium Smoothing Shampoo, 11 Ounce",5.0,4.0,True
A3P7FOLR5SGXYN,B001OHV1H4,"Avalon Grapefruit and Geranium Smoothing Shampoo, 11 Ounce",5.0,4.0,True
APQ1FY4E25XEP,B001OHV1H4,"Avalon Grapefruit and Geranium Smoothing Shampoo, 11 Ounce",5.0,4.0,True
AKQ9DH3HRPHW3,B00AF68E8O,Khadi Natural Ayurvedic Herbal 18 Herbs Hair Oil for Strong Smooth Hair (210 ml),5.0,4.0,True
A10ZJZNO4DAVB,B001OHV1H4,"Avalon Grapefruit and Geranium Smoothing Shampoo, 11 Ounce",5.0,4.0,True
A1C3SRDH9HVEI2,B001OHV1H4,"Avalon Grapefruit and Geranium Smoothing Shampoo, 11 Ounce",4.0,4.0,True
A3LGZDAVZSFO0M,B001OHV1H4,"Avalon Grapefruit and Geranium Smoothing Shampoo, 11 Ounce",5.0,4.0,True
A2RWJPXMBFGCF0,B001OHV1H4,"Avalon Grapefruit and Geranium Smoothing Shampoo, 11 Ounce",5.0,4.0,True
A15IKO3Q6RSA1V,B001OHV1H4,"Avalon Grapefruit and Geranium Smoothing Shampoo, 11 Ounce",5.0,4.0,True
A29GCQQLNLUJGG,B001OHV1H4,"Avalon Grapefruit and Geranium Smoothing Shampoo, 11 Ounce",5.0,4.0,True
A31MET9QVHSWD9,B001OHV1H4,"Avalon Grapefruit and Geranium Smoothing Shampoo, 11 Ounce",5.0,4.0,True
A2CY3ZL67BZKEU,B001OHV1H4,"Avalon Grapefruit and Geranium Smoothing Shampoo, 11 Ounce",5.0,4.0,True
A1MZIY3MPR5LRS,B001OHV1H4,"Avalon Grapefruit and Geranium Smoothing Shampoo, 11 Ounce",5.0,4.0,True
A2YNPGFDPBKZ3L,B001OHV1H4,"Avalon Grapefruit and Geranium Smoothing Shampoo, 11 Ounce",5.0,4.0,True
A20Y9PNINSXAE2,B001OHV1H4,"Avalon Grapefruit and Geranium Smoothing Shampoo, 11 Ounce",5.0,4.0,True
A36CT6022EC8KS,B001OHV1H4,"Avalon Grapefruit and Geranium Smoothing Shampoo, 11 Ounce",5.0,4.0,True
A3LR34UDLT38PG,B001OHV1H4,"Avalon Grapefruit and Geranium Smoothing Shampoo, 11 Ounce",5.0,4.0,True
A1ZN7IP615TNQO,B001OHV1H4,"Avalon Grapefruit and Geranium Smoothing Shampoo, 11 Ounce",5.0,4.0,True
A14R11HV2H7AVW,B001OHV1H4,"Avalon Grapefruit and Geranium Smoothing Shampoo, 11 Ounce",5.0,4.0,True
A3GM8H7MO9I4H7,B001OHV1H4,"Avalon Grapefruit and Geranium Smoothing Shampoo, 11 Ounce",5.0,4.0,True
ACK0K1VME15R7,B001OHV1H4,"Avalon Grapefruit and Geranium Smoothing Shampoo, 11 Ounce",5.0,4.0,True
A3A8F2URN7MEPR,B001OHV1H4,"Avalon Grapefruit and Geranium Smoothing Shampoo, 11 Ounce",5.0,4.0,True
ATEX4XVEQYN7B,B001OHV1H4,"Avalon Grapefruit and Geranium Smoothing Shampoo, 11 Ounce",5.0,4.0,True
AIWVB6601DJOO,B001OHV1H4,"Avalon Grapefruit and Geranium Smoothing Shampoo, 11 Ounce",4.0,4.0,True
AZ520NWW40I9B,B001OHV1H4,"Avalon Grapefruit and Geranium Smoothing Shampoo, 11 Ounce",5.0,4.0,True
A1S7I4K5PNOUDD,B00R2JOSQO,ANDI ROSE Slouch Beanies Button Hats Knitted Crochet Baggy Skullies Beret Cap Hat for Women Winter Ski Party (1013 Pink),5.0,4.0,True
A2T6UI6V98KT94,B001OHV1H4,"Avalon Grapefruit and Geranium Smoothing Shampoo, 11 Ounce",5.0,4.0,True
A1C13KVGOWMI6A,B001OHV1H4,"Avalon Grapefruit and Geranium Smoothing Shampoo, 11 Ounce",5.0,4.0,True
A2KPY1O5YG9B6I,B001OHV1H4,"Avalon Grapefruit and Geranium Smoothing Shampoo, 11 Ounce",5.0,4.0,True
A7QMV1ENEUAC9,B001OHV1H4,"Avalon Grapefruit and Geranium Smoothing Shampoo, 11 Ounce",5.0,4.0,True
AXZPSRWKSDO27,B001OHV1H4,"Avalon Grapefruit and Geranium Smoothing Shampoo, 11 Ounce",5.0,4.0,True
A1JL5CJJDECOH4,B001OHV1H4,"Avalon Grapefruit and Geranium Smoothing Shampoo, 11 Ounce",5.0,4.0,True
A2X7VCBZQROXVM,B001OHV1H4,"Avalon Grapefruit and Geranium Smoothing Shampoo, 11 Ounce",5.0,4.0,True
A23ZC494ZWNEE0,B001OHV1H4,"Avalon Grapefruit and Geranium Smoothing Shampoo, 11 Ounce",5.0,4.0,True
A4IV41UZ0Y789,B001OHV1H4,"Avalon Grapefruit and Geranium Smoothing Shampoo, 11 Ounce",5.0,4.0,True
A3EZ4SUXGM5DKJ,B001OHV1H4,"Avalon Grapefruit and Geranium Smoothing Shampoo, 11 Ounce",5.0,4.0,True
AY8XPOPF0OVO5,B001OHV1H4,"Avalon Grapefruit and Geranium Smoothing Shampoo, 11 Ounce",5.0,4.0,True
A33EQHCO5TZIP5,B001OHV1H4,"Avalon Grapefruit and Geranium Smoothing Shampoo, 11 Ounce",5.0,4.0,True
A35TPYOPNIDM7,B001OHV1H4,"Avalon Grapefruit and Geranium Smoothing Shampoo, 11 Ounce",5.0,4.0,True
A3UXFQUZ6P1JRB,B001OHV1H4,"Avalon Grapefruit and Geranium Smoothing Shampoo, 11 Ounce",5.0,4.0,True
ATCQ2K4QG03T4,B001OHV1H4,"Avalon Grapefruit and Geranium Smoothing Shampoo, 11 Ounce",5.0,4.0,True
A1TYZNOET5SXZF,B001OHV1H4,"Avalon Grapefruit and Geranium Smoothing Shampoo, 11 Ounce",5.0,4.0,True
AMYTL79JMGQ6D,B0012Y0ZG2,Bath &amp; Body Works Ile De Tahiti Moana Coconut Vanille Moana Body Wash with Tamanoi 8.5 oz,5.0,4.0,True
A392UWXM2CDJ6V,B001OHV1H4,"Avalon Grapefruit and Geranium Smoothing Shampoo, 11 Ounce",5.0,4.0,True
A1UARSQWRRYEB7,B001OHV1H4,"Avalon Grapefruit and Geranium Smoothing Shampoo, 11 Ounce",5.0,4.0,True
A38EDCGATXMRI3,B001OHV1H4,"Avalon Grapefruit and Geranium Smoothing Shampoo, 11 Ounce",5.0,4.0,True
A2PUZMHH482FU7,B001OHV1H4,"Avalon Grapefruit and Geranium Smoothing Shampoo, 11 Ounce",5.0,4.0,True
AIG1G1AKH7JVB,B00IU5EDKK,Opalescence GO 15% -Bonus Whitening Bundle with Mint Flavored Tooth Polish,5.0,4.0,True
A6CEOJ5ISIGRB,B001OHV1H4,"Avalon Grapefruit and Geranium Smoothing Shampoo, 11 Ounce",5.0,4.0,True
A2WNVJ6S7OVZP4,B001OHV1H4,"Avalon Grapefruit and Geranium Smoothing Shampoo, 11 Ounce",4.0,4.0,True
A27I10FZD5Y0OA,B001OHV1H4,"Avalon Grapefruit and Geranium Smoothing Shampoo, 11 Ounce",5.0,4.0,True
A8FTL366YFPRX,B001OHV1H4,"Avalon Grapefruit and Geranium Smoothing Shampoo, 11 Ounce",5.0,4.0,True
ARFFWJFJWCAGE,B001OHV1H4,"Avalon Grapefruit and Geranium Smoothing Shampoo, 11 Ounce",5.0,4.0,True
AIPW346SC1MMK,B001OHV1H4,"Avalon Grapefruit and Geranium Smoothing Shampoo, 11 Ounce",3.0,4.0,True
A2F7429CLFVV3T,B001OHV1H4,"Avalon Grapefruit and Geranium Smoothing Shampoo, 11 Ounce",5.0,4.0,True
A26FGQS4JIPDH5,B001OHV1H4,"Avalon Grapefruit and Geranium Smoothing Shampoo, 11 Ounce",5.0,4.0,True
A3E9APU6SYF2SD,B001OHV1H4,"Avalon Grapefruit and Geranium Smoothing Shampoo, 11 Ounce",5.0,4.0,True
A14QBW6X0Q1YSD,B0097PF0VI,"Zest 8-Bar Bath Size Soap, Aqua, 4 Ounce",5.0,4.0,True
A80A8PCDT0NFB,B001OHV1H4,"Avalon Grapefruit and Geranium Smoothing Shampoo, 11 Ounce",5.0,4.0,True
A3HA7DWA3A6P4D,B001OHV1H4,"Avalon Grapefruit and Geranium Smoothing Shampoo, 11 Ounce",5.0,4.0,True
A3QDLODOQKUXGN,B001OHV1H4,"Avalon Grapefruit and Geranium Smoothing Shampoo, 11 Ounce",5.0,4.0,True
A3RQS9GT66TEB8,B001OHV1H4,"Avalon Grapefruit and Geranium Smoothing Shampoo, 11 Ounce",5.0,4.0,True
AHQ9P60N6NOAH,B001OHV1H4,"Avalon Grapefruit and Geranium Smoothing Shampoo, 11 Ounce",5.0,4.0,True
A1V0TDDAKM4T63,B006U7NSO2,"Greenair Spa Vapor Advanced Wellness Instant Healthful Mist Therapy, (Colors may vary)",4.0,4.0,True
A325V83PQAIH80,B001OHV1H4,"Avalon Grapefruit and Geranium Smoothing Shampoo, 11 Ounce",5.0,4.0,True
A258KAILGENIM3,B001OHV1H4,"Avalon Grapefruit and Geranium Smoothing Shampoo, 11 Ounce",4.0,4.0,True
A1LV8TM9ICX1IX,B001OHV1H4,"Avalon Grapefruit and Geranium Smoothing Shampoo, 11 Ounce",5.0,4.0,True
AB4T4E0AGMKRA,B001OHV1H4,"Avalon Grapefruit and Geranium Smoothing Shampoo, 11 Ounce",5.0,4.0,True
A1PC83477QHU77,B001OHV1H4,"Avalon Grapefruit and Geranium Smoothing Shampoo, 11 Ounce",5.0,4.0,True
AMXYXIWW74J4,B001OHV1H4,"Avalon Grapefruit and Geranium Smoothing Shampoo, 11 Ounce",5.0,4.0,True
A275L578ORHUVL,B001OHV1H4,"Avalon Grapefruit and Geranium Smoothing Shampoo, 11 Ounce",4.0,4.0,True
A2RRQ78UZSEDF1,B001OHV1H4,"Avalon Grapefruit and Geranium Smoothing Shampoo, 11 Ounce",5.0,4.0,True
A3KL6I6EWV0MF6,B001OHV1H4,"Avalon Grapefruit and Geranium Smoothing Shampoo, 11 Ounce",5.0,4.0,True
AAJSS6CLCYC0M,B001OHV1H4,"Avalon Grapefruit and Geranium Smoothing Shampoo, 11 Ounce",5.0,4.0,True
A3E52KMZJI788W,B001OHV1H4,"Avalon Grapefruit and Geranium Smoothing Shampoo, 11 Ounce",4.0,4.0,True
A1Z14Z7HOM429U,B001OHV1H4,"Avalon Grapefruit and Geranium Smoothing Shampoo, 11 Ounce",5.0,4.0,True
AMPSYLH47ZFU6,B001OHV1H4,"Avalon Grapefruit and Geranium Smoothing Shampoo, 11 Ounce",5.0,4.0,True
A21VGLAQKA6UXO,B001OHV1H4,"Avalon Grapefruit and Geranium Smoothing Shampoo, 11 Ounce",5.0,4.0,True
A7IB2KI9HJZWU,B001OHV1H4,"Avalon Grapefruit and Geranium Smoothing Shampoo, 11 Ounce",5.0,4.0,True
A23FCPNAHZDWCZ,B001OHV1H4,"Avalon Grapefruit and Geranium Smoothing Shampoo, 11 Ounce",5.0,4.0,True
A2I3TOK508FLX0,B001OHV1H4,"Avalon Grapefruit and Geranium Smoothing Shampoo, 11 Ounce",5.0,4.0,True
A2GOEDQ35EBF1R,B001OHV1H4,"Avalon Grapefruit and Geranium Smoothing Shampoo, 11 Ounce",5.0,4.0,True
A1XGD1A869SSXC,B001OHV1H4,"Avalon Grapefruit and Geranium Smoothing Shampoo, 11 Ounce",5.0,4.0,True
A1DAE86MWE6OMW,B001OHV1H4,"Avalon Grapefruit and Geranium Smoothing Shampoo, 11 Ounce",5.0,4.0,True
A2KV46HMWY1YWB,B001OHV1H4,"Avalon Grapefruit and Geranium Smoothing Shampoo, 11 Ounce",5.0,4.0,True
A3ETTJOVI6C9V5,B001OHV1H4,"Avalon Grapefruit and Geranium Smoothing Shampoo, 11 Ounce",5.0,4.0,True
A2YXTUAVV51KUH,B001OHV1H4,"Avalon Grapefruit and Geranium Smoothing Shampoo, 11 Ounce",5.0,4.0,True
A1R7TTGL0FLO3R,B001OHV1H4,"Avalon Grapefruit and Geranium Smoothing Shampoo, 11 Ounce",5.0,4.0,True
AQG3FO72CYLU3,B001OHV1H4,"Avalon Grapefruit and Geranium Smoothing Shampoo, 11 Ounce",5.0,4.0,True
A1ZH9XEBQIPLWT,B001OHV1H4,"Avalon Grapefruit and Geranium Smoothing Shampoo, 11 Ounce",5.0,4.0,True
A19AWUK1MWTJEN,B001OHV1H4,"Avalon Grapefruit and Geranium Smoothing Shampoo, 11 Ounce",5.0,4.0,True
AUBJHP5EYBWWT,B001OHV1H4,"Avalon Grapefruit and Geranium Smoothing Shampoo, 11 Ounce",5.0,4.0,True
A3UDCJBG2PMFRE,B001OHV1H4,"Avalon Grapefruit and Geranium Smoothing Shampoo, 11 Ounce",5.0,4.0,True
AGXW8BFME8048,B001OHV1H4,"Avalon Grapefruit and Geranium Smoothing Shampoo, 11 Ounce",5.0,4.0,True
AL24GOJZZ48PB,B001OHV1H4,"Avalon Grapefruit and Geranium Smoothing Shampoo, 11 Ounce",5.0,4.0,True
APV301O2BXWU2,B001OHV1H4,"Avalon Grapefruit and Geranium Smoothing Shampoo, 11 Ounce",5.0,4.0,True
A2PCUZU2NUV72W,B001OHV1H4,"Avalon Grapefruit and Geranium Smoothing Shampoo, 11 Ounce",5.0,4.0,True
AAP5XCA30G532,B001OHV1H4,"Avalon Grapefruit and Geranium Smoothing Shampoo, 11 Ounce",5.0,4.0,True
ASI6Y3IN52G9P,B001OHV1H4,"Avalon Grapefruit and Geranium Smoothing Shampoo, 11 Ounce",5.0,4.0,True
A1KJ2M8NY458CE,B001OHV1H4,"Avalon Grapefruit and Geranium Smoothing Shampoo, 11 Ounce",5.0,4.0,True
AL54O8LSKUIQ8,B001OHV1H4,"Avalon Grapefruit and Geranium Smoothing Shampoo, 11 Ounce",5.0,4.0,True
AXQAIG2XT292S,B001OHV1H4,"Avalon Grapefruit and Geranium Smoothing Shampoo, 11 Ounce",5.0,4.0,True
A1BS75OBCJN3EA,B001OHV1H4,"Avalon Grapefruit and Geranium Smoothing Shampoo, 11 Ounce",5.0,4.0,True
A38CIT22Y0TZS,B001OHV1H4,"Avalon Grapefruit and Geranium Smoothing Shampoo, 11 Ounce",5.0,4.0,True
A3DA04UMF6N2F9,B001OHV1H4,"Avalon Grapefruit and Geranium Smoothing Shampoo, 11 Ounce",5.0,4.0,True
A3JOF3FISSE7E0,B001OHV1H4,"Avalon Grapefruit and Geranium Smoothing Shampoo, 11 Ounce",5.0,4.0,True
A1NP1AD8FGSA71,B001OHV1H4,"Avalon Grapefruit and Geranium Smoothing Shampoo, 11 Ounce",5.0,4.0,True
A29WQLB8ACNZ5T,B001OHV1H4,"Avalon Grapefruit and Geranium Smoothing Shampoo, 11 Ounce",5.0,4.0,True
A1888H788ZLJUQ,B001OHV1H4,"Avalon Grapefruit and Geranium Smoothing Shampoo, 11 Ounce",5.0,4.0,True
ACAA46YVXMZTJ,B001OHV1H4,"Avalon Grapefruit and Geranium Smoothing Shampoo, 11 Ounce",5.0,4.0,True
AVC2FIYKB6VHF,B001OHV1H4,"Avalon Grapefruit and Geranium Smoothing Shampoo, 11 Ounce",5.0,4.0,True
A347D5SOZ68PPE,B001OHV1H4,"Avalon Grapefruit and Geranium Smoothing Shampoo, 11 Ounce",5.0,4.0,True
A84MTP7LSOTXG,B001OHV1H4,"Avalon Grapefruit and Geranium Smoothing Shampoo, 11 Ounce",5.0,4.0,True
A3980XKDL0SZEX,B001OHV1H4,"Avalon Grapefruit and Geranium Smoothing Shampoo, 11 Ounce",5.0,4.0,True
A34OON6ZYATX36,B001OHV1H4,"Avalon Grapefruit and Geranium Smoothing Shampoo, 11 Ounce",5.0,4.0,True
A2DK8CVJ2HYDRI,B00157OBRU,"Nag Champa Super Hit Cones, 144 Cones Box",5.0,4.0,True
A2WA4LQGM8X68D,B001OHV1H4,"Avalon Grapefruit and Geranium Smoothing Shampoo, 11 Ounce",5.0,4.0,True
A2SZLPBSBNJ7QV,B001OHV1H4,"Avalon Grapefruit and Geranium Smoothing Shampoo, 11 Ounce",5.0,4.0,True
A2VZXAAEWAO7PG,B001OHV1H4,"Avalon Grapefruit and Geranium Smoothing Shampoo, 11 Ounce",5.0,4.0,True
A25DGSQA3AN7H5,B001OHV1H4,"Avalon Grapefruit and Geranium Smoothing Shampoo, 11 Ounce",5.0,4.0,True
A3DLYCA3TUHOZM,B001OHV1H4,"Avalon Grapefruit and Geranium Smoothing Shampoo, 11 Ounce",5.0,4.0,True
A1WMNCCFKM2A4Z,B001OHV1H4,"Avalon Grapefruit and Geranium Smoothing Shampoo, 11 Ounce",5.0,4.0,True
A1MDYWL5DLS9SS,B001OHV1H4,"Avalon Grapefruit and Geranium Smoothing Shampoo, 11 Ounce",5.0,4.0,True
A1V0UCYURG2LP,B001OHV1H4,"Avalon Grapefruit and Geranium Smoothing Shampoo, 11 Ounce",5.0,4.0,True
A3VJQ5WRH77UKU,B001OHV1H4,"Avalon Grapefruit and Geranium Smoothing Shampoo, 11 Ounce",5.0,4.0,True
A2MOJFGIAPOQQ3,B001OHV1H4,"Avalon Grapefruit and Geranium Smoothing Shampoo, 11 Ounce",5.0,4.0,True
A1LCFO492L6K6G,B001OHV1H4,"Avalon Grapefruit and Geranium Smoothing Shampoo, 11 Ounce",5.0,4.0,True
A2EIK3QR1822Q4,B001OHV1H4,"Avalon Grapefruit and Geranium Smoothing Shampoo, 11 Ounce",4.0,4.0,True
A2Y7WFGH3JMUTR,B001OHV1H4,"Avalon Grapefruit and Geranium Smoothing Shampoo, 11 Ounce",5.0,4.0,True
A2S696CI415O20,B001OHV1H4,"Avalon Grapefruit and Geranium Smoothing Shampoo, 11 Ounce",5.0,4.0,True
AROYPRQ35VSAT,B00JF2GVWK,Caress Body Wash - Sheer Twilight - 18 oz - 2 pk,5.0,4.0,True
A2A83NR45HQ2OV,B001OHV1H4,"Avalon Grapefruit and Geranium Smoothing Shampoo, 11 Ounce",5.0,4.0,True
A1M54T56FE4B86,B001OHV1H4,"Avalon Grapefruit and Geranium Smoothing Shampoo, 11 Ounce",4.0,4.0,True
A165FHUTQU6L2Z,B001OHV1H4,"Avalon Grapefruit and Geranium Smoothing Shampoo, 11 Ounce",5.0,4.0,True
A24A9FRVM8TQZS,B001OHV1H4,"Avalon Grapefruit and Geranium Smoothing Shampoo, 11 Ounce",5.0,4.0,True
A2RSCY42Y2CTU1,B001OHV1H4,"Avalon Grapefruit and Geranium Smoothing Shampoo, 11 Ounce",5.0,4.0,True
A3NY63XTSMNUVZ,B001OHV1H4,"Avalon Grapefruit and Geranium Smoothing Shampoo, 11 Ounce",5.0,4.0,True
AR6HDXGSGHVKK,B001OHV1H4,"Avalon Grapefruit and Geranium Smoothing Shampoo, 11 Ounce",5.0,4.0,True
A1SMX2GYS61UT,B001OHV1H4,"Avalon Grapefruit and Geranium Smoothing Shampoo, 11 Ounce",5.0,4.0,True
A2O23K583MS6RI,B001OHV1H4,"Avalon Grapefruit and Geranium Smoothing Shampoo, 11 Ounce",5.0,4.0,True
AG53V5LXH1KP6,B001OHV1H4,"Avalon Grapefruit and Geranium Smoothing Shampoo, 11 Ounce",5.0,4.0,True
A7COTFQZZ86N,B001OHV1H4,"Avalon Grapefruit and Geranium Smoothing Shampoo, 11 Ounce",5.0,4.0,True
AF61N91A61THX,B001OHV1H4,"Avalon Grapefruit and Geranium Smoothing Shampoo, 11 Ounce",5.0,4.0,True
A2TUCPCLHHLR6O,B001OHV1H4,"Avalon Grapefruit and Geranium Smoothing Shampoo, 11 Ounce",5.0,4.0,True
A1WL02Q81VWPX6,B001OHV1H4,"Avalon Grapefruit and Geranium Smoothing Shampoo, 11 Ounce",5.0,4.0,True
A3IRJA2MBOJ411,B001OHV1H4,"Avalon Grapefruit and Geranium Smoothing Shampoo, 11 Ounce",5.0,4.0,True
A2CQEI5EQ0DA8Z,B001OHV1H4,"Avalon Grapefruit and Geranium Smoothing Shampoo, 11 Ounce",5.0,4.0,True
A181EKCGC3RGHL,B001OHV1H4,"Avalon Grapefruit and Geranium Smoothing Shampoo, 11 Ounce",5.0,4.0,True
A1TRRL3F84BJNJ,B001OHV1H4,"Avalon Grapefruit and Geranium Smoothing Shampoo, 11 Ounce",5.0,4.0,True
A3IZX2IWVGM9QH,B001OHV1H4,"Avalon Grapefruit and Geranium Smoothing Shampoo, 11 Ounce",5.0,4.0,True
AMKL90GGNP276,B001OHV1H4,"Avalon Grapefruit and Geranium Smoothing Shampoo, 11 Ounce",5.0,4.0,True
A1HK1OQ6LRT0AX,B001OHV1H4,"Avalon Grapefruit and Geranium Smoothing Shampoo, 11 Ounce",5.0,4.0,True
A2DHECIMRTJUGE,B001OHV1H4,"Avalon Grapefruit and Geranium Smoothing Shampoo, 11 Ounce",5.0,4.0,True
A3IYF2TNOC0XYO,B001OHV1H4,"Avalon Grapefruit and Geranium Smoothing Shampoo, 11 Ounce",5.0,4.0,True
A193RG4GIJ5OLM,B00P0BLZFI,Sannysis Fashion Women Silver Flower Plated Crystal Rhinestone Stud Earrings,2.0,4.0,True
A31HMJPZBE79NG,B001OHV1H4,"Avalon Grapefruit and Geranium Smoothing Shampoo, 11 Ounce",5.0,4.0,True
A35LFTGC7TO48F,B001OHV1H4,"Avalon Grapefruit and Geranium Smoothing Shampoo, 11 Ounce",4.0,4.0,True
AIR2V73D3WZQK,B001OHV1H4,"Avalon Grapefruit and Geranium Smoothing Shampoo, 11 Ounce",5.0,4.0,True
A1UXOVYJ6OEQ24,B001OHV1H4,"Avalon Grapefruit and Geranium Smoothing Shampoo, 11 Ounce",5.0,4.0,True
A2XCLJRGFANRC,B00OZBWFSU,Brazilian Mud Soap (SET of 4) - Handmade Soap Bar with French Lavender and Fennel Essential Oils - Organic and All-Natural &ndash; by Falls River Soap Company,5.0,4.0,True
A2S255TZX0IO1X,B001OHV1H4,"Avalon Grapefruit and Geranium Smoothing Shampoo, 11 Ounce",5.0,4.0,True
A36FFM5OUBWGOL,B001OHV1H4,"Avalon Grapefruit and Geranium Smoothing Shampoo, 11 Ounce",5.0,4.0,True
A1JCF83VYDAIC7,B001OHV1H4,"Avalon Grapefruit and Geranium Smoothing Shampoo, 11 Ounce",5.0,4.0,True
A397WXW8JOK3RT,B001OHV1H4,"Avalon Grapefruit and Geranium Smoothing Shampoo, 11 Ounce",5.0,4.0,True
AE6VLUKO55M7H,B001OHV1H4,"Avalon Grapefruit and Geranium Smoothing Shampoo, 11 Ounce",5.0,4.0,True
A3RDTNM03SH6TE,B001OHV1H4,"Avalon Grapefruit and Geranium Smoothing Shampoo, 11 Ounce",5.0,4.0,True
A313XPHJ3L9OPW,B001OHV1H4,"Avalon Grapefruit and Geranium Smoothing Shampoo, 11 Ounce",5.0,4.0,True
A2JRCTJU21AJ4X,B001OHV1H4,"Avalon Grapefruit and Geranium Smoothing Shampoo, 11 Ounce",5.0,4.0,True
A2ITV3AU9TL0O9,B001OHV1H4,"Avalon Grapefruit and Geranium Smoothing Shampoo, 11 Ounce",5.0,4.0,True
A3CEFO8LPIMHHE,B001OHV1H4,"Avalon Grapefruit and Geranium Smoothing Shampoo, 11 Ounce",5.0,4.0,True
A1JDBXPK20HBUW,B0044ICFDO,Sooryehan Hyo Fermented 3pcs Giftset,5.0,4.0,True
A2SU85PYAB6M67,B001OHV1H4,"Avalon Grapefruit and Geranium Smoothing Shampoo, 11 Ounce",5.0,4.0,True
AHR6RFGXARWNX,B001OHV1H4,"Avalon Grapefruit and Geranium Smoothing Shampoo, 11 Ounce",5.0,4.0,True
A3TIK2TSPADAH0,B001OHV1H4,"Avalon Grapefruit and Geranium Smoothing Shampoo, 11 Ounce",5.0,4.0,True
A39KHX3058560R,B001OHV1H4,"Avalon Grapefruit and Geranium Smoothing Shampoo, 11 Ounce",5.0,4.0,True
A3DA9MP7OGLPC0,B001OHV1H4,"Avalon Grapefruit and Geranium Smoothing Shampoo, 11 Ounce",5.0,4.0,True
A33MZYRMSIHERN,B001OHV1H4,"Avalon Grapefruit and Geranium Smoothing Shampoo, 11 Ounce",5.0,4.0,True
A2XZP9S5PUM5QP,B00U1WC2JY,Body Puff Loofah for Women Mens (Pack of 2) | Bathing Exfoliator Shower Pouf Scrubber with Mesh Design for Exfoliating | Strong Long Lasting Bath Sponge | Patented Nylon Body Scrubbers to NOT Unravel,5.0,4.0,True
A1ETRNNK4BOVDE,B001OHV1H4,"Avalon Grapefruit and Geranium Smoothing Shampoo, 11 Ounce",5.0,4.0,True
A2MWTIZYINA2MH,B001OHV1H4,"Avalon Grapefruit and Geranium Smoothing Shampoo, 11 Ounce",5.0,4.0,True
AG7YBSJODBMOB,B001OHV1H4,"Avalon Grapefruit and Geranium Smoothing Shampoo, 11 Ounce",5.0,4.0,True
A244RDHGOX4Z2J,B001OHV1H4,"Avalon Grapefruit and Geranium Smoothing Shampoo, 11 Ounce",4.0,4.0,True
A2NOM8O5XT0GXD,B001OHV1H4,"Avalon Grapefruit and Geranium Smoothing Shampoo, 11 Ounce",5.0,4.0,True
A2S97Z2I1TFOS,B001OHV1H4,"Avalon Grapefruit and Geranium Smoothing Shampoo, 11 Ounce",4.0,4.0,True
A3TH0R81AWDJ49,B001OHV1H4,"Avalon Grapefruit and Geranium Smoothing Shampoo, 11 Ounce",4.0,4.0,True
A30VYJQW4XWDQ6,B00GMCP5NC,Womdee(TM) Fashion Women Silver Rhinestone Crystal Flower Hair Band / Elastic Headband-Silver With Womdee Accessory,3.0,4.0,True
A21C5SBM0KCCH9,B001OHV1H4,"Avalon Grapefruit and Geranium Smoothing Shampoo, 11 Ounce",5.0,4.0,True
A2I0X28L5E42VU,B0012Y0ZG2,Bath &amp; Body Works Ile De Tahiti Moana Coconut Vanille Moana Body Wash with Tamanoi 8.5 oz,5.0,4.0,True
A2F87BBKVFB2H1,B001OHV1H4,"Avalon Grapefruit and Geranium Smoothing Shampoo, 11 Ounce",5.0,4.0,True
A1TWEWYOCWT9T,B001OHV1H4,"Avalon Grapefruit and Geranium Smoothing Shampoo, 11 Ounce",5.0,4.0,True
A3PE70GMGCY2AL,B001OHV1H4,"Avalon Grapefruit and Geranium Smoothing Shampoo, 11 Ounce",4.0,4.0,True
AJZGMDK1NA990,B001OHV1H4,"Avalon Grapefruit and Geranium Smoothing Shampoo, 11 Ounce",4.0,4.0,True
A1XDV760ZLXN57,B001OHV1H4,"Avalon Grapefruit and Geranium Smoothing Shampoo, 11 Ounce",5.0,4.0,True
A31XUJMEDBUGKR,B007R6UXNY,"Dark and Lovely Beautiful Beginnings Shampoo, 10 Fluid Ounce",5.0,4.0,True
A3UIVN10P30BE2,B001OHV1H4,"Avalon Grapefruit and Geranium Smoothing Shampoo, 11 Ounce",5.0,4.0,True
A2KBQZJJRS5FKY,B001OHV1H4,"Avalon Grapefruit and Geranium Smoothing Shampoo, 11 Ounce",5.0,4.0,True
A31N0XY2UTB25C,B000UYCKRC,Commonwealth Lavare Extra Large Pineapple Bath Soap 12 Oz. by CST,5.0,4.0,True
AKZJ49U7BQU4U,B001OHV1H4,"Avalon Grapefruit and Geranium Smoothing Shampoo, 11 Ounce",5.0,4.0,True
A3YUWJTIW15EE,B001OHV1H4,"Avalon Grapefruit and Geranium Smoothing Shampoo, 11 Ounce",5.0,4.0,True
AHQFK3PX6EKQH,B001OHV1H4,"Avalon Grapefruit and Geranium Smoothing Shampoo, 11 Ounce",5.0,4.0,True
A1AG4CEH4EYXIT,B001OHV1H4,"Avalon Grapefruit and Geranium Smoothing Shampoo, 11 Ounce",5.0,4.0,True
AZ4T3DDT8L9EQ,B001OHV1H4,"Avalon Grapefruit and Geranium Smoothing Shampoo, 11 Ounce",5.0,4.0,True
A3RMWHVP1CX5J1,B001OHV1H4,"Avalon Grapefruit and Geranium Smoothing Shampoo, 11 Ounce",5.0,4.0,True
A31W4OHQPNCNKY,B001OHV1H4,"Avalon Grapefruit and Geranium Smoothing Shampoo, 11 Ounce",5.0,4.0,True
A3FZSM6JYA65PR,B001OHV1H4,"Avalon Grapefruit and Geranium Smoothing Shampoo, 11 Ounce",5.0,4.0,True
A914TQVHI872U,B00EYZY6LQ,"Fekkai Full Blown Aerosol Foam Cond Us 6.6 Oz, 6.660-Fluid Ounce",5.0,4.0,True
A2V1J3JT5OOZFO,B005I8RH78,Fundamental Shampoo - 12 Oz. - Chemical Free Shampoo - SLS Free - Natural Shampoo - Made in USA by Fundamental Earth,5.0,4.0,True
A2JOBUCXKEXYY8,B00028ORTK,Revitalizing Therapy Serum Intensive Anttioxidant - Dry Skin Aubrey Organics .33oz (10ml) Liquid,3.0,4.0,True
A31H5B27RT1BWE,B016J9EQNW,"Eco Bamboo No Animal Hair Kabuki Makeup Brush Tool Set - 10 Piece Cosmetic Brush Kit For A Flawless Air-Brush-Effect Finish, Canvas Travel Organizer Bag - New Leaf Products, The Eco-Friendly Company",5.0,5.0,True
AZMAOC6QC0WEP,B00J9MJDFS,Jhirmack Silver Brightening 5 In 1 Miracle Leave-In Spray Treatment 8.2 oz,5.0,4.0,True
A11F87LHCF6KV2,B019809F9Y,Lectric Shave Pre-Shave Original 3 oz,5.0,4.0,True
A3ESTWDBNOUJQ7,B008U1Q4DI,"FOONEE Rhinestones Nail Art Gems Mixed Colours Shapes in Case (2mm,3000pcs)",4.0,4.0,True
A20B85W2RYRTQO,B00W259T7G,"Pre de Provence Artisanal French Soap Bar Enriched with Shea Butter, Quad-Milled For A Smooth &amp; Rich Lather (150 grams) - Raspberry",4.0,4.0,True
A696ZTE6VBU4U,B019Z9LD98,Elite99 Soak Off UV LED Gel Nail Polish Top Coat Manicure Nail Art Decoration 7ml,5.0,4.0,True
A2WXKLHX5SQC3,B00WHR8U9M,DANCINGNAIL New 17m White Stripe Tape Roll Nail Art Manicure Edge Guides Tips Tool DIY Sticker Line 0.5cm Decoration,5.0,4.0,True
A1OGM86F9XF5M3,B00X8LM98Y,"PIERCING SOLUTION ! Healing Sea Salts &amp; Botanical AFTERCARE. 4 oz, Ready to use. Safely Clean, Disinfect &amp; Heal New &amp; Stretched Piercings. Gentle ~ Effective ~ 100% Natural. NON-iodized. Vitamin Rich Botanicals!",4.0,5.0,True
A58F10T4OE58C,B00AFCPA26,"Gillette Fusion Proglide Silvertouch Manual Men's Razor With 2 Razor Bllade Refills, 1 Count",5.0,4.0,True
A2BVRKJ12P1HDY,B001AMRQ2W,Philips Norelco Speed-XL 8240 Men's Shaving System,5.0,4.0,True
A2CZ98V784SRJ0,B019F0G2CA,"Rimmel The Only One Lipstick, Oh-So Wicked, 0.130 Ounce",5.0,4.0,True
A1PU2JDYYIXS0E,B015YJN0IA,MDEthics Advanced Anti-Aging Serum,5.0,4.0,True
ANBNE7HEDRLTI,B01F0QLD3G,Sankuwen Brush Storange Place Organizer Clear Acrylic 10 Lattices Cosmetic Display Shelf,2.0,4.0,True
ATUXNR3WHD18N,B00AQXD2HO,SenzAway Tooth Desensitizing Gel,4.0,4.0,True
A2BYV7S1QP2YIG,B00JZ0L7VC,Alaska Bear - Hair Brush Professional Detangling Hair Comb or Brushes for Women&amp;Teen girls&amp;Mens,5.0,4.0,True
A25DU5SGL4D49Q,B01BBP79SS,Holika Holika Face 2 Change Relax Dodo Cat Cushion Bb Spf50+ #21 Light Beige,5.0,4.0,True
AIIR8E34EDKCQ,B000PKKAGO,Philips Norelco arcitec 1090 Men's Shaving System,4.0,4.0,True
A2JR5ZTSYSIQYX,B009QZF5K0,"Christian Dior Addict Lipstick Beige Casual for Women, 0.12 Ounce",1.0,4.0,True
A2VOGNBUMXSW13,B0054PCP0O,Envyderm Cosmetics Eyelash Enhancement and Conditioning Liquid Eyeliner with Argan Oil - Black (0.17 fl. oz),4.0,4.0,True
A2LAS014NSRW72,B00021DJ32,"NARS Blush, Taj Mahal",5.0,4.0,True
A3E5V5TSTAY3R9,B0056YTF5G,"Physicians Formula Baked Collection Matte Wet/Dry Eyeshadow, Baked Souffle, 0.07 Ounce",5.0,4.0,True
A1YVJ2CLK0L2WR,B00IE3Y5GK,Crystal butterfly Headband U86121-0120lavender,5.0,4.0,True
ARYSDAZNRXN6G,B006WYJM8Y,"NARS Blush, Gaiety",2.0,4.0,True
A4OU7GRF8W0Y8,B006WYJM8Y,"NARS Blush, Gaiety",4.0,4.0,True
A1SCQZYKVCXJ5,B00UZH5OLI,Andalou Naturals 1000 Roses Floral Toner 6 fl oz,5.0,4.0,True
A3LKLXDSW1IZSV,B013RJY9A2,"Dark Spot Corrector - Sun Spot Remover, 1 fl oz",5.0,4.0,True
AP34CI5Q0AQFG,B01A8GM12A,Silvercell 3D Highlighter Stick Portable Cream Highlighter Waterproof Aloe Extract Moisture Concealer,5.0,4.0,True
AF5AJ5V9T6LTS,B00W259T7G,"Pre de Provence Artisanal French Soap Bar Enriched with Shea Butter, Quad-Milled For A Smooth &amp; Rich Lather (150 grams) - Raspberry",3.0,4.0,True
A2DQGD2M6EZRS6,B00C6CCD8C,RazoRock Alum Stick - 60 grams - After Shave Stick &ndash; Natural Healing and Toning,2.0,4.0,True
A3PVCWI9OXBBLW,B017CHORY8,Lady Crystal Double Heart Open Bangles Bracelet for Holiday Party,3.0,4.0,True
A3PZ07P9X0T3HR,B00I11IYLM,"LIP INK Brilliant Magic Powder, Natural Mica (Diamond)",5.0,4.0,True
A2ZY49IDE6TY5I,B001FB5H9C," JASON Purifying Tea Tree Nail Saver, 0.5 oz. (Pack of 4) (Packaging May Vary) ",5.0,4.0,True
AGEKVD8JPZQMT,B019FWRG3C,Pre De Provence Maison French Lavender Bath &amp; Shower Gel,4.0,4.0,True
AJGU56YG8G1DQ,B0007KXW1M,"Helen of Troy 1511 Brush Iron, White, 3/4 Inch Barrel",5.0,4.0,True
A28F08XFZRKIH5,B0012Y0ZG2,Bath &amp; Body Works Ile De Tahiti Moana Coconut Vanille Moana Body Wash with Tamanoi 8.5 oz,1.0,4.0,True
A1PWYEL1R4LMAQ,B00V828RD6,joylive Bridal Bridesmaid Flower Girls Jewerly Set Pearl Necklace Earring,5.0,4.0,True
A24XAYKFM8XZTR,B0012Y0ZG2,Bath &amp; Body Works Ile De Tahiti Moana Coconut Vanille Moana Body Wash with Tamanoi 8.5 oz,5.0,4.0,True
A35QTJ23YREVYX,B0012Y0ZG2,Bath &amp; Body Works Ile De Tahiti Moana Coconut Vanille Moana Body Wash with Tamanoi 8.5 oz,5.0,4.0,True
A19Q4TR24DNXB5,B0012Y0ZG2,Bath &amp; Body Works Ile De Tahiti Moana Coconut Vanille Moana Body Wash with Tamanoi 8.5 oz,5.0,4.0,True
AH5IPOPDVNJMW,B004P7AXOW,"Secret Natural Mineral Invisible Solid Antiperspirant and Deodorant, Eucalyptus Blossom, 2.6 Ounce",5.0,4.0,True
ASFHTW5SP4QQR,B0012Y0ZG2,Bath &amp; Body Works Ile De Tahiti Moana Coconut Vanille Moana Body Wash with Tamanoi 8.5 oz,5.0,4.0,True
A3G7XXRLKXQIT7,B0012Y0ZG2,Bath &amp; Body Works Ile De Tahiti Moana Coconut Vanille Moana Body Wash with Tamanoi 8.5 oz,5.0,4.0,True
A2XNLIC0O07GPW,B0012Y0ZG2,Bath &amp; Body Works Ile De Tahiti Moana Coconut Vanille Moana Body Wash with Tamanoi 8.5 oz,5.0,4.0,True
A2F218M5AOPU6T,B0012Y0ZG2,Bath &amp; Body Works Ile De Tahiti Moana Coconut Vanille Moana Body Wash with Tamanoi 8.5 oz,5.0,4.0,True
A8N02S3VNT60S,B0012Y0ZG2,Bath &amp; Body Works Ile De Tahiti Moana Coconut Vanille Moana Body Wash with Tamanoi 8.5 oz,5.0,4.0,True
A2NH58DY5F0XSZ,B0012Y0ZG2,Bath &amp; Body Works Ile De Tahiti Moana Coconut Vanille Moana Body Wash with Tamanoi 8.5 oz,5.0,4.0,True
A2E3YYK70W49NO,B0012Y0ZG2,Bath &amp; Body Works Ile De Tahiti Moana Coconut Vanille Moana Body Wash with Tamanoi 8.5 oz,5.0,4.0,True
A150XCEZV6KF5G,B0012Y0ZG2,Bath &amp; Body Works Ile De Tahiti Moana Coconut Vanille Moana Body Wash with Tamanoi 8.5 oz,5.0,4.0,True
A2AXHDSJEBEOIB,B00JGZNL4W,"MasksCraft by Zappbo&reg; Best White Polka Dot Black Silk Mask with Carry Pouch for Men and Ladies of All Ages and All Shift Works - 100% Money Back Guarantee - Best Contoured Concave Sleeping Eye Mask Light As a Feather for Sleeping and Relaxation. The color is Black and the Convex Cup Shaped Mask is Essential for tight fit on the face to prevent light from coming in. Also cute and best for Novelty, Kids, Children, Teens and Women.",4.0,4.0,True
A23ALLEUZQKAR1,B0012Y0ZG2,Bath &amp; Body Works Ile De Tahiti Moana Coconut Vanille Moana Body Wash with Tamanoi 8.5 oz,5.0,4.0,True
A1MAJCTEK9HZHD,B0012Y0ZG2,Bath &amp; Body Works Ile De Tahiti Moana Coconut Vanille Moana Body Wash with Tamanoi 8.5 oz,5.0,4.0,True
A2K4C2K7NZLOQI,B0012Y0ZG2,Bath &amp; Body Works Ile De Tahiti Moana Coconut Vanille Moana Body Wash with Tamanoi 8.5 oz,5.0,4.0,True
AT2F2DJ7RELJI,B0012Y0ZG2,Bath &amp; Body Works Ile De Tahiti Moana Coconut Vanille Moana Body Wash with Tamanoi 8.5 oz,5.0,4.0,True
A250XH0NBH6AHN,B0012Y0ZG2,Bath &amp; Body Works Ile De Tahiti Moana Coconut Vanille Moana Body Wash with Tamanoi 8.5 oz,5.0,4.0,True
A24NTDGOS70ZA9,B0012Y0ZG2,Bath &amp; Body Works Ile De Tahiti Moana Coconut Vanille Moana Body Wash with Tamanoi 8.5 oz,5.0,4.0,True
A121C9UWQFW5W6,B0012Y0ZG2,Bath &amp; Body Works Ile De Tahiti Moana Coconut Vanille Moana Body Wash with Tamanoi 8.5 oz,5.0,4.0,True
ASL42Q7LYJWFV,B0012Y0ZG2,Bath &amp; Body Works Ile De Tahiti Moana Coconut Vanille Moana Body Wash with Tamanoi 8.5 oz,5.0,4.0,True
A2PW5N4QDA3AG9,B0012Y0ZG2,Bath &amp; Body Works Ile De Tahiti Moana Coconut Vanille Moana Body Wash with Tamanoi 8.5 oz,5.0,4.0,True
A2BYQUQ8ITJTE8,B0012Y0ZG2,Bath &amp; Body Works Ile De Tahiti Moana Coconut Vanille Moana Body Wash with Tamanoi 8.5 oz,5.0,4.0,True
A280XZUEBJ0G3Z,B0012Y0ZG2,Bath &amp; Body Works Ile De Tahiti Moana Coconut Vanille Moana Body Wash with Tamanoi 8.5 oz,5.0,4.0,True
A2I02X97TQCOHX,B003PQGQ90,AXE Groove Stimulating Shower Gel,5.0,4.0,True
A23TC03PKGDVQM,B0012Y0ZG2,Bath &amp; Body Works Ile De Tahiti Moana Coconut Vanille Moana Body Wash with Tamanoi 8.5 oz,5.0,4.0,True
A2L6FOYXXFC3TX,B0012Y0ZG2,Bath &amp; Body Works Ile De Tahiti Moana Coconut Vanille Moana Body Wash with Tamanoi 8.5 oz,5.0,4.0,True
A28TUBAOIO801,B0012Y0ZG2,Bath &amp; Body Works Ile De Tahiti Moana Coconut Vanille Moana Body Wash with Tamanoi 8.5 oz,5.0,4.0,True
AVXT2TB9ZHYRF,B0012Y0ZG2,Bath &amp; Body Works Ile De Tahiti Moana Coconut Vanille Moana Body Wash with Tamanoi 8.5 oz,5.0,4.0,True
A1GVTXX0S7ANZ8,B0012Y0ZG2,Bath &amp; Body Works Ile De Tahiti Moana Coconut Vanille Moana Body Wash with Tamanoi 8.5 oz,5.0,4.0,True
A1K85CL9XZYRV7,B0012Y0ZG2,Bath &amp; Body Works Ile De Tahiti Moana Coconut Vanille Moana Body Wash with Tamanoi 8.5 oz,5.0,4.0,True
AG6BQPVI5DCR4,B0012Y0ZG2,Bath &amp; Body Works Ile De Tahiti Moana Coconut Vanille Moana Body Wash with Tamanoi 8.5 oz,5.0,4.0,True
AI5ELCUWKSDXJ,B0012Y0ZG2,Bath &amp; Body Works Ile De Tahiti Moana Coconut Vanille Moana Body Wash with Tamanoi 8.5 oz,5.0,4.0,True
A12X146LZM6KM0,B0012Y0ZG2,Bath &amp; Body Works Ile De Tahiti Moana Coconut Vanille Moana Body Wash with Tamanoi 8.5 oz,5.0,4.0,True
A2O4T6MQ540AGF,B0012Y0ZG2,Bath &amp; Body Works Ile De Tahiti Moana Coconut Vanille Moana Body Wash with Tamanoi 8.5 oz,5.0,4.0,True
A3N6811PDY2QM3,B0012Y0ZG2,Bath &amp; Body Works Ile De Tahiti Moana Coconut Vanille Moana Body Wash with Tamanoi 8.5 oz,5.0,4.0,True
A2JAEYUNQB6BIF,B0012Y0ZG2,Bath &amp; Body Works Ile De Tahiti Moana Coconut Vanille Moana Body Wash with Tamanoi 8.5 oz,5.0,4.0,True
A3T94O0KWMLTNG,B0012Y0ZG2,Bath &amp; Body Works Ile De Tahiti Moana Coconut Vanille Moana Body Wash with Tamanoi 8.5 oz,5.0,4.0,True
A39WH9DUE96U1P,B0012Y0ZG2,Bath &amp; Body Works Ile De Tahiti Moana Coconut Vanille Moana Body Wash with Tamanoi 8.5 oz,5.0,4.0,True
A3O3TL3ILJPNDJ,B0012Y0ZG2,Bath &amp; Body Works Ile De Tahiti Moana Coconut Vanille Moana Body Wash with Tamanoi 8.5 oz,5.0,4.0,True
AD42QCRPG1RKG,B0012Y0ZG2,Bath &amp; Body Works Ile De Tahiti Moana Coconut Vanille Moana Body Wash with Tamanoi 8.5 oz,5.0,4.0,True
AKMC46NLSXDJX,B0012Y0ZG2,Bath &amp; Body Works Ile De Tahiti Moana Coconut Vanille Moana Body Wash with Tamanoi 8.5 oz,5.0,4.0,True
A2C114BZC4OO6A,B0012Y0ZG2,Bath &amp; Body Works Ile De Tahiti Moana Coconut Vanille Moana Body Wash with Tamanoi 8.5 oz,5.0,4.0,True
AOZV8VU33NLG8,B0012Y0ZG2,Bath &amp; Body Works Ile De Tahiti Moana Coconut Vanille Moana Body Wash with Tamanoi 8.5 oz,5.0,4.0,True
A1OMMCNMFY7TYH,B0012Y0ZG2,Bath &amp; Body Works Ile De Tahiti Moana Coconut Vanille Moana Body Wash with Tamanoi 8.5 oz,5.0,4.0,True
A1MCIV8P5COBQZ,B0012Y0ZG2,Bath &amp; Body Works Ile De Tahiti Moana Coconut Vanille Moana Body Wash with Tamanoi 8.5 oz,5.0,4.0,True
A21YAPFNXKFIUC,B0012Y0ZG2,Bath &amp; Body Works Ile De Tahiti Moana Coconut Vanille Moana Body Wash with Tamanoi 8.5 oz,5.0,4.0,True
A3SR36PIOEYYO1,B0012Y0ZG2,Bath &amp; Body Works Ile De Tahiti Moana Coconut Vanille Moana Body Wash with Tamanoi 8.5 oz,5.0,4.0,True
A156IOMOA59X7N,B0012Y0ZG2,Bath &amp; Body Works Ile De Tahiti Moana Coconut Vanille Moana Body Wash with Tamanoi 8.5 oz,5.0,4.0,True
AUPNID1GKJB34,B0012Y0ZG2,Bath &amp; Body Works Ile De Tahiti Moana Coconut Vanille Moana Body Wash with Tamanoi 8.5 oz,5.0,4.0,True
A28XHFOYRSV7VA,B00NJ270ZY,Suzanne Somers 3 Way Poncho AS SEEN ON TV Can be worn three ways,5.0,3.0,True
A1LNWQUWXMMZNG,B0012Y0ZG2,Bath &amp; Body Works Ile De Tahiti Moana Coconut Vanille Moana Body Wash with Tamanoi 8.5 oz,5.0,4.0,True
AVZFCI6JTP4PU,B00C8ICCOE,Victoria's Secret PINK Body Wash (3.4 Fl Oz),5.0,4.0,True
A3J539P6RXOP9M,B0012Y0ZG2,Bath &amp; Body Works Ile De Tahiti Moana Coconut Vanille Moana Body Wash with Tamanoi 8.5 oz,5.0,4.0,True
A274J0XAP9U68Y,B0012Y0ZG2,Bath &amp; Body Works Ile De Tahiti Moana Coconut Vanille Moana Body Wash with Tamanoi 8.5 oz,5.0,4.0,True
A32RAW9ILQYP9S,B0012Y0ZG2,Bath &amp; Body Works Ile De Tahiti Moana Coconut Vanille Moana Body Wash with Tamanoi 8.5 oz,5.0,4.0,True
A12HWYJ6G58FGV,B0012Y0ZG2,Bath &amp; Body Works Ile De Tahiti Moana Coconut Vanille Moana Body Wash with Tamanoi 8.5 oz,5.0,4.0,True
AH5KMT72HXKVO,B0012Y0ZG2,Bath &amp; Body Works Ile De Tahiti Moana Coconut Vanille Moana Body Wash with Tamanoi 8.5 oz,5.0,4.0,True
A1OIRJ1W4N8CW,B0012Y0ZG2,Bath &amp; Body Works Ile De Tahiti Moana Coconut Vanille Moana Body Wash with Tamanoi 8.5 oz,5.0,4.0,True
A2KUYYA021Y4KO,B0012Y0ZG2,Bath &amp; Body Works Ile De Tahiti Moana Coconut Vanille Moana Body Wash with Tamanoi 8.5 oz,5.0,4.0,True
A2RH42TOQUF3LQ,B0012Y0ZG2,Bath &amp; Body Works Ile De Tahiti Moana Coconut Vanille Moana Body Wash with Tamanoi 8.5 oz,5.0,4.0,True
APRCXHKSYVYZX,B0012Y0ZG2,Bath &amp; Body Works Ile De Tahiti Moana Coconut Vanille Moana Body Wash with Tamanoi 8.5 oz,5.0,4.0,True
A3PWCOTLFTGNJD,B0012Y0ZG2,Bath &amp; Body Works Ile De Tahiti Moana Coconut Vanille Moana Body Wash with Tamanoi 8.5 oz,5.0,4.0,True
A2EHOO31B1KDP4,B0012Y0ZG2,Bath &amp; Body Works Ile De Tahiti Moana Coconut Vanille Moana Body Wash with Tamanoi 8.5 oz,5.0,4.0,True
A71OPGFA90NJL,B0012Y0ZG2,Bath &amp; Body Works Ile De Tahiti Moana Coconut Vanille Moana Body Wash with Tamanoi 8.5 oz,5.0,4.0,True
A1QQHWTPZYIXM3,B0012Y0ZG2,Bath &amp; Body Works Ile De Tahiti Moana Coconut Vanille Moana Body Wash with Tamanoi 8.5 oz,5.0,4.0,True
A1577W1CXJ2WI9,B0012Y0ZG2,Bath &amp; Body Works Ile De Tahiti Moana Coconut Vanille Moana Body Wash with Tamanoi 8.5 oz,5.0,4.0,True
A20ODFGO5J70UA,B0012Y0ZG2,Bath &amp; Body Works Ile De Tahiti Moana Coconut Vanille Moana Body Wash with Tamanoi 8.5 oz,5.0,4.0,True
ABWHWMXZDQ25C,B0012Y0ZG2,Bath &amp; Body Works Ile De Tahiti Moana Coconut Vanille Moana Body Wash with Tamanoi 8.5 oz,5.0,4.0,True
A1SJFQ8VSKZWHF,B0012Y0ZG2,Bath &amp; Body Works Ile De Tahiti Moana Coconut Vanille Moana Body Wash with Tamanoi 8.5 oz,5.0,4.0,True
A2LFGBMPZPSAMV,B009RUZAQS,Fantasy Britney Spears By Britney Spears Gift Set For Women Eau De Parfum Spray 1.7 Oz &amp; Body Souffle 1.7 Oz &amp; Shower Gel 1.7 Oz &amp; Bubble Bath 1.7 Oz,5.0,4.0,True
A3TFW9R3OCAGUI,B0012Y0ZG2,Bath &amp; Body Works Ile De Tahiti Moana Coconut Vanille Moana Body Wash with Tamanoi 8.5 oz,5.0,4.0,True
A27IT9W7WU080F,B0012Y0ZG2,Bath &amp; Body Works Ile De Tahiti Moana Coconut Vanille Moana Body Wash with Tamanoi 8.5 oz,5.0,4.0,True
A1SW8WT1S0GHQV,B0012Y0ZG2,Bath &amp; Body Works Ile De Tahiti Moana Coconut Vanille Moana Body Wash with Tamanoi 8.5 oz,5.0,4.0,True
A2INILPDI33JG3,B0012Y0ZG2,Bath &amp; Body Works Ile De Tahiti Moana Coconut Vanille Moana Body Wash with Tamanoi 8.5 oz,5.0,4.0,True
A3HJIA8KBPQXWU,B0012Y0ZG2,Bath &amp; Body Works Ile De Tahiti Moana Coconut Vanille Moana Body Wash with Tamanoi 8.5 oz,5.0,4.0,True
AMUVF6UQZ6UCO,B0012Y0ZG2,Bath &amp; Body Works Ile De Tahiti Moana Coconut Vanille Moana Body Wash with Tamanoi 8.5 oz,5.0,4.0,True
AE7U89M0RXP0W,B0012Y0ZG2,Bath &amp; Body Works Ile De Tahiti Moana Coconut Vanille Moana Body Wash with Tamanoi 8.5 oz,5.0,4.0,True
A1TY8P7VKFBQ2Q,B0012Y0ZG2,Bath &amp; Body Works Ile De Tahiti Moana Coconut Vanille Moana Body Wash with Tamanoi 8.5 oz,5.0,4.0,True
A1AWB5QE4T9LPM,B0012Y0ZG2,Bath &amp; Body Works Ile De Tahiti Moana Coconut Vanille Moana Body Wash with Tamanoi 8.5 oz,5.0,4.0,True
A3KALVNW1WOI19,B0012Y0ZG2,Bath &amp; Body Works Ile De Tahiti Moana Coconut Vanille Moana Body Wash with Tamanoi 8.5 oz,5.0,4.0,True
A1NXF07STAXNN3,B0012Y0ZG2,Bath &amp; Body Works Ile De Tahiti Moana Coconut Vanille Moana Body Wash with Tamanoi 8.5 oz,5.0,4.0,True
AZRD4IZU6TBFV,B0012Y0ZG2,Bath &amp; Body Works Ile De Tahiti Moana Coconut Vanille Moana Body Wash with Tamanoi 8.5 oz,5.0,4.0,True
A265E2JC4S3YWC,B0012Y0ZG2,Bath &amp; Body Works Ile De Tahiti Moana Coconut Vanille Moana Body Wash with Tamanoi 8.5 oz,5.0,4.0,True
A32PX7W05VFWOJ,B0012Y0ZG2,Bath &amp; Body Works Ile De Tahiti Moana Coconut Vanille Moana Body Wash with Tamanoi 8.5 oz,5.0,4.0,True
A1R1RN9N2EUPRZ,B0012Y0ZG2,Bath &amp; Body Works Ile De Tahiti Moana Coconut Vanille Moana Body Wash with Tamanoi 8.5 oz,5.0,4.0,True
A3HHQ7UIJJAOAV,B0012Y0ZG2,Bath &amp; Body Works Ile De Tahiti Moana Coconut Vanille Moana Body Wash with Tamanoi 8.5 oz,5.0,4.0,True
A105A034ZG9EHO,B0012Y0ZG2,Bath &amp; Body Works Ile De Tahiti Moana Coconut Vanille Moana Body Wash with Tamanoi 8.5 oz,5.0,4.0,True
AX5SY5C2R0LRV,B0012Y0ZG2,Bath &amp; Body Works Ile De Tahiti Moana Coconut Vanille Moana Body Wash with Tamanoi 8.5 oz,5.0,4.0,True
A1AKH1GJBE5CX5,B0012Y0ZG2,Bath &amp; Body Works Ile De Tahiti Moana Coconut Vanille Moana Body Wash with Tamanoi 8.5 oz,5.0,4.0,True
A2KZH1QYHRJRB7,B0012Y0ZG2,Bath &amp; Body Works Ile De Tahiti Moana Coconut Vanille Moana Body Wash with Tamanoi 8.5 oz,5.0,4.0,True
AGOH8N902URMW,B0012Y0ZG2,Bath &amp; Body Works Ile De Tahiti Moana Coconut Vanille Moana Body Wash with Tamanoi 8.5 oz,5.0,4.0,True
A3B9T1GXSEVIWM,B0012Y0ZG2,Bath &amp; Body Works Ile De Tahiti Moana Coconut Vanille Moana Body Wash with Tamanoi 8.5 oz,5.0,4.0,True
A1S44RIBM0ZD9U,B0012Y0ZG2,Bath &amp; Body Works Ile De Tahiti Moana Coconut Vanille Moana Body Wash with Tamanoi 8.5 oz,5.0,4.0,True
A32NCLA7SHQBFW,B0012Y0ZG2,Bath &amp; Body Works Ile De Tahiti Moana Coconut Vanille Moana Body Wash with Tamanoi 8.5 oz,5.0,4.0,True
A34GB2ZA1JLGND,B0012Y0ZG2,Bath &amp; Body Works Ile De Tahiti Moana Coconut Vanille Moana Body Wash with Tamanoi 8.5 oz,5.0,4.0,True
A26CEJL5AR4U3B,B0012Y0ZG2,Bath &amp; Body Works Ile De Tahiti Moana Coconut Vanille Moana Body Wash with Tamanoi 8.5 oz,5.0,4.0,True
A1VY8FIKPTP6AZ,B0012Y0ZG2,Bath &amp; Body Works Ile De Tahiti Moana Coconut Vanille Moana Body Wash with Tamanoi 8.5 oz,5.0,4.0,True
A177B2VPWX4P55,B0012Y0ZG2,Bath &amp; Body Works Ile De Tahiti Moana Coconut Vanille Moana Body Wash with Tamanoi 8.5 oz,5.0,4.0,True
A1DFZPQPCHBYTY,B0012Y0ZG2,Bath &amp; Body Works Ile De Tahiti Moana Coconut Vanille Moana Body Wash with Tamanoi 8.5 oz,5.0,4.0,True
A3JNP9PGF2DMIO,B013VKT2WM,Skinn Lip 6X Pro-Volume Lip Smoothing Serum,4.0,4.0,True
A4DEEDXZK8L78,B0012Y0ZG2,Bath &amp; Body Works Ile De Tahiti Moana Coconut Vanille Moana Body Wash with Tamanoi 8.5 oz,5.0,4.0,True
AW4KF8E06AY28,B000URXP6E,Bonne Bell Smackers Bath and Body Starburst Collection,5.0,4.0,True
AF0QBHJJUO5R2,B0012Y0ZG2,Bath &amp; Body Works Ile De Tahiti Moana Coconut Vanille Moana Body Wash with Tamanoi 8.5 oz,5.0,4.0,True
A22X7GUEMMORP8,B0012Y0ZG2,Bath &amp; Body Works Ile De Tahiti Moana Coconut Vanille Moana Body Wash with Tamanoi 8.5 oz,5.0,4.0,True
A251F9Y0GSZALP,B0012Y0ZG2,Bath &amp; Body Works Ile De Tahiti Moana Coconut Vanille Moana Body Wash with Tamanoi 8.5 oz,5.0,4.0,True
A7M85H7UTJEKI,B0012Y0ZG2,Bath &amp; Body Works Ile De Tahiti Moana Coconut Vanille Moana Body Wash with Tamanoi 8.5 oz,5.0,4.0,True
AYORX1AK30JMB,B0012Y0ZG2,Bath &amp; Body Works Ile De Tahiti Moana Coconut Vanille Moana Body Wash with Tamanoi 8.5 oz,5.0,4.0,True
A3H3TEMEMXODT,B0012Y0ZG2,Bath &amp; Body Works Ile De Tahiti Moana Coconut Vanille Moana Body Wash with Tamanoi 8.5 oz,5.0,4.0,True
AIHUVM8SI43E5,B0012Y0ZG2,Bath &amp; Body Works Ile De Tahiti Moana Coconut Vanille Moana Body Wash with Tamanoi 8.5 oz,5.0,4.0,True
A1XQ0F01CF84Y3,B009DQDGNK,Philosophy Falling In Love Perfumed Romantic Body Lotion 32 oz JUMBO size,5.0,4.0,True
A39VQK6I0V3AFV,B0012Y0ZG2,Bath &amp; Body Works Ile De Tahiti Moana Coconut Vanille Moana Body Wash with Tamanoi 8.5 oz,5.0,4.0,True
A2EBR70V6P9W0N,B0001428BY,RAMY Bitch Slap,3.0,4.0,True
A1JDG0KTCUW9BT,B0012Y0ZG2,Bath &amp; Body Works Ile De Tahiti Moana Coconut Vanille Moana Body Wash with Tamanoi 8.5 oz,5.0,4.0,True
A2J7LXMK4240B4,B0009ET47W,Avalon Organics Glistening Conditioner Ylang Ylang -- 11 fl oz,2.0,4.0,True
ARPSCXPD7FYZ4,B000URXP6E,Bonne Bell Smackers Bath and Body Starburst Collection,5.0,4.0,True
A2MUGFV2TDQ47K,B004MBJL58,"Axe Detailer 2-Sided Shower Tool, Colors May Vary 1 ea",5.0,4.0,True
A3E3GD3TABXKU1,B001ET7FZE, Colgate Fluoride Toothpaste Strawberry Smash Liquid Gel 4.60 oz (Pack of 6) ,5.0,4.0,True
A25G84RGICBM8C,B00IKEAVQ6,Astor Seduction Codes Brow Gel 5ml-Transparent 701A,5.0,4.0,True
A234YLAS2MYYWA,B00M5IDCTG,Bourjois Paris Maxi Delight Bronzer,5.0,4.0,True
AHS5D14VLYIKE,B00HK95KCW,Dmso Dimethyl Sulfoxide High Purity 120ml (4oz) Glass Bottle,1.0,4.0,True
A3O0BXK3SZ6FE0,B00IIZG80U,OC Nails UV Shield Glove (HOT PINK) Anti UV Glove for Gel Manicures with UV/LED Lamps,4.0,5.0,True
A2Q2A6JKY95RTP,B00W259T7G,"Pre de Provence Artisanal French Soap Bar Enriched with Shea Butter, Quad-Milled For A Smooth &amp; Rich Lather (150 grams) - Raspberry",4.0,4.0,True
AY6A8KPYCE6B0,B016V8YWBC,"Dove Men+Care, Deep Clean Body + Face Bar, 4 Ounce, 6 Count, (Pack of 2)&hellip;",5.0,4.0,True
A2EHYCA29NSQLU,B007JUIBMI,Crest Pro-Health Clinical Deep Clean Mint Mouthwash 473 Ml,3.0,4.0,True
A331BHAR0TRLWT,B006IB5T4W,"Aquaphor Healing Ointment,Advanced Therapy Skin Protectant 14 Ounce ( Pack May Vary )",5.0,4.0,True
A149JMOTTDIHP1,B018E71TKU,Sannysis Fashion Women Silver Plated Crystal Rhinestone Stud Earrings &iexcl;&shy;,5.0,4.0,True
A2PF64RBR1G1SZ,B003QYSO46,"Orajel Severe Toothache &amp; Gum Relief Plus, Cooling Gel, 0.25 Oz",5.0,4.0,True
ASS1Q9CHP14O0,B00PHMM3LK,Fashion Medix Double Sided Clothing Tape (36 Strips),5.0,4.0,True
A2YKXSS79L6F2Q,B01D8BM71W,"EmaxDesign 2 Pieces Makeup Blender Sponge Set - Random Pattern, Foundation Blending Blush Concealer Eye Face Powder Cream Cosmetics Beauty Makeup Sponges. latex free, non-allergenic and odour free.",5.0,4.0,True
A35W3JQYP0M655,B019809F9Y,Lectric Shave Pre-Shave Original 3 oz,3.0,4.0,True
A3OXHLG6DIBRW8,B00L1I1VMG,"Crest Sensi-Stop Strips, 10 Count",5.0,4.0,True
A3S3R88HA0HZG3,B00EYZY6LQ,"Fekkai Full Blown Aerosol Foam Cond Us 6.6 Oz, 6.660-Fluid Ounce",4.0,4.0,True
A2UHXPMDDHRFC9,B001AMRQ2W,Philips Norelco Speed-XL 8240 Men's Shaving System,5.0,4.0,True
A2TO2BN3P4C00L,B008YQM4A6,Colgate Enamel Health Mouthwash,4.0,4.0,True
A8O8V216L66BJ,B01DIKY93C,Pack of 2 Magic Beauty Hair Hairstyle Foam Sponge Donut Maker Ponytail Bun Maker Twister Tie Upgraded 2.0 (Black),4.0,4.0,True
A13VVUDVNG1LSB,B017NA063A,Cardani Eyebrow Tattoos #17 - Classic Shape Temporary Tattoo Eyebrows #17 Darkest Brown Tattoo,1.0,4.0,True
ABDR6IJ93HFIO,B003QYSO46,"Orajel Severe Toothache &amp; Gum Relief Plus, Cooling Gel, 0.25 Oz",5.0,4.0,True
A17IS2KTMUBJ52,B009GPPZ28,"The Body Shop Vineyard Peach Shower Gel 250ml A0, Peach, 8.4 Fluid Ounce",5.0,4.0,True
A19MMYMZO363KM,B00JG8F5XO,Hyaluronic Acid Powder Low Molecular Weight 25g,5.0,4.0,True
A1EVV74UQYVKRY,B00W259T7G,"Pre de Provence Artisanal French Soap Bar Enriched with Shea Butter, Quad-Milled For A Smooth &amp; Rich Lather (150 grams) - Raspberry",5.0,4.0,True
A1QBOC76MIOJYP,B00DY59MB6,Crest Pro-Health For Life CPC Antigingivitis/Antiplaque Smooth Mint Rinse 33.8 Fl Oz,5.0,4.0,True
A2JCJJNY43QQIV,B00EBZD0PW,[Etude House] Lip Perfume,4.0,4.0,True
A25C2M3QF9G7OQ,B00G4S1N7G,Shiseido beauty up cotton makeup cotton 108 pieces,5.0,4.0,True
A3ECCRYGDAAP5S,B01AO8E9IQ,Freeman Facial Banana Oat Soothing Mask 6oz Tube,5.0,4.0,True
AYNTULRNAIPNY,B00L1I1VMG,"Crest Sensi-Stop Strips, 10 Count",4.0,4.0,True
A1XCSAX4BRT89Y,B00W259T7G,"Pre de Provence Artisanal French Soap Bar Enriched with Shea Butter, Quad-Milled For A Smooth &amp; Rich Lather (150 grams) - Raspberry",4.0,4.0,True
A19HDB4BN6RFFT,B0035KR5K0,Set of 3 Bumpits Hair Volumizing Inserts - Light Brown,1.0,4.0,True
A1EGCED01USBA9,B000IQSU0I,"Pre de Provence Artisanal French Soap Bar Enriched with Shea Butter, Quad-Milled For A Smooth &amp; Rich Lather (250 grams) - Milk",5.0,5.0,True
AOEUN9718KVRD,B00DY59MB6,Crest Pro-Health For Life CPC Antigingivitis/Antiplaque Smooth Mint Rinse 33.8 Fl Oz,2.0,4.0,True
AZTZ7SIIRXLXE,B00JIESMR2,Dermacol Make-Up Cover Foundation 30g (218),3.0,4.0,True
A5BJMAHZWGJ7N,B01AUOTSVW,essie Spring 2016 Collection Nail Polish,5.0,4.0,True
A1TPW86OHXTXFC,B01E7UKR38,essie Gel Couture Nail Polish,5.0,4.0,True
A3R9H6OKZHHRJD,B00EYZY6LQ,"Fekkai Full Blown Aerosol Foam Cond Us 6.6 Oz, 6.660-Fluid Ounce",5.0,4.0,True
A2XNJJ9TF70P4J,B0039LMTB0,Gillette Venus Malibu With Aloe Disposable Women's Razor 3 Count (Pack of 2),5.0,4.0,True
ATWMPPB8JKQ06,B010M3ZM3Y,Great Deal(TM) 5 Bits Electric Manicure Nail Drill File Grinder Grooming Kit,5.0,4.0,True
A19KOAGQJUXL18,B00O6XU0CA,"JOVANAS FASHION Chiffon Stylish print Scarf Chic scarf, elegant scarf for seasonless",5.0,4.0,True
AENH50GW3OKDA,B000N9IQLS,"Alpha Hydrox Sheer Silk Moisturizer SPF 15, 1 Ounce",4.0,4.0,True
A2503LT8PZIHAD,B001ET7FZE, Colgate Fluoride Toothpaste Strawberry Smash Liquid Gel 4.60 oz (Pack of 6) ,4.0,4.0,True
A1F7YU6O5RU432,B004FK7R02,essie Nail Color,4.0,4.0,True
A1UQBFCERIP7VJ,B000NKJIXM,"Crest Pro-health Multi-Protection Rinse, Cool Wintergreen, 33.8 Fluid Ounce",4.0,4.0,True
AQ6AGWKWMTY8H,B004E3ION4,"BIC Comfort 3 Advance Men's Disposable Razor, 4-Count",2.0,4.0,True
A1X3ESYZ79H59E,B00W259T7G,"Pre de Provence Artisanal French Soap Bar Enriched with Shea Butter, Quad-Milled For A Smooth &amp; Rich Lather (150 grams) - Raspberry",5.0,4.0,True
A2UOHALGF2X77Q,B006IB5T4W,"Aquaphor Healing Ointment,Advanced Therapy Skin Protectant 14 Ounce ( Pack May Vary )",5.0,4.0,True
A3AZI828WJN1CD,B019FWRG3C,Pre De Provence Maison French Lavender Bath &amp; Shower Gel,5.0,4.0,True
A1KSC91G9AIY2Z,B01ASQZOKG,Cleomee Donkey Snowy Pore Balm,2.0,4.0,True
A221T2TQB6RRD5,B00VF344X0,Italia Deluxe Ultra Fine Lip Liner set (Pack Of 12),5.0,4.0,True
A25EOKJMQ8WLQG,B001I2XAOW,Love Potion: Pashazade ~ Pheromone Enhanced Fragrance for Men - 1/3 fl.oz. Roll On-Oil,5.0,4.0,True
A2GIT4MXW79GCY,B000YFR73E,Love Potion&reg;: OCCO: Red Shield Scented Coplulins ~ 1/3 Fl. Oz. Pheromone Enhanced Perfume Oil for Women,5.0,4.0,True
A1XAPRM0OO15SO,B00W259T7G,"Pre de Provence Artisanal French Soap Bar Enriched with Shea Butter, Quad-Milled For A Smooth &amp; Rich Lather (150 grams) - Raspberry",5.0,4.0,True
A14E70DKB6QPZY,B0019CK0IK,No7 Day Cream SPF 15,5.0,4.0,True
A2W9I628I6SE1U,B000WR2HB6,WiseWays Herbals Witch Hazel Salve 1 oz.,4.0,4.0,True
A1LHAXBM5GBJS2,B008YQM4A6,Colgate Enamel Health Mouthwash,4.0,4.0,True
A28N2AWOVO2PB,B00W259T7G,"Pre de Provence Artisanal French Soap Bar Enriched with Shea Butter, Quad-Milled For A Smooth &amp; Rich Lather (150 grams) - Raspberry",5.0,4.0,True
A2NPXTU9EH6GKR,B00F90NHV0,Mirenesse Cosmetics Touch On Concealer Long-Wear Mineral Fill &amp; Cover 8g/6oz (Ivory Pink) - AUTHENTIC,5.0,4.0,True
A270QYQEV3CQGH,B0022XIPB4,Bath &amp; Body Works Japanese Cherry Blossom Limited Edition Sake Oil to Cream Body Wash 6 fl oz,5.0,4.0,True
A1KNZP9U9YXFXF,B01AMOTPI6,"Advanced Clinicals Vitamin C Cream. Advanced Brightening Cream. Anti-aging cream for age spots, dark spots on face, hands, body. Large 16oz.",5.0,4.0,True
A1PGXH95LTH5MN,B015NNYDNS,Curl-ease Towel for Curly Hair Pink,5.0,4.0,True
A2ZSWMVY5YAVL7,B00FRDPQ54,Fekkai Brilliant Glossing Starter Kit,5.0,4.0,True
A10M2MLE2R0L6K,B00BJ0SZ5W,100% Cotton Premium Salon Towels 16&quot; X 27&quot; - Pack of 12 Pcs (Royal Blue),3.0,4.0,True
A4SD8F79JBYG2,B00W259T7G,"Pre de Provence Artisanal French Soap Bar Enriched with Shea Butter, Quad-Milled For A Smooth &amp; Rich Lather (150 grams) - Raspberry",5.0,4.0,True
A15T9G38F589KM,B00HNKXT3A,"Fresh Guard Wipes Specially Formulated for Retainers Mouthguards and Removable Braces, 20 Count",5.0,4.0,True
A1PE19S5EKQLNV,B00FRDPQ54,Fekkai Brilliant Glossing Starter Kit,5.0,4.0,True
A2XJXPYLCQ6TMS,B0119Q9FYU,"Innisfree Green Tea, Pure Cleansing Foam",5.0,4.0,True
A1HKXBA4VSHFZZ,B017DXCGY4,BMC 0.4 fl oz Latex Poli-Peel Cuticle Protector Nail Art Polish Accessory - Two Bottles,4.0,4.0,True
AOTMP0OKJOUWI,B01E7UKR38,essie Gel Couture Nail Polish,5.0,4.0,True
A1OE51UYUU4KR8,B00LLLZP2U,Piping Rock Myrrh 100% Pure Essential Oil 2 fl oz (59 ml) Bottle Commiphora Myrrha Therapeutic Grade,5.0,4.0,True
A1MAI0TUIM3R2X,B00W259T7G,"Pre de Provence Artisanal French Soap Bar Enriched with Shea Butter, Quad-Milled For A Smooth &amp; Rich Lather (150 grams) - Raspberry",5.0,4.0,True
A1AEPMPA12GUJ7,B019FWRG3C,Pre De Provence Maison French Lavender Bath &amp; Shower Gel,4.0,4.0,True
A2V5R832QCSOMX,B001F51VWU,"Secret Flawlessly Invisible Solid, Totally Fresh, 2.6-Ounce Bottle (Pack of 4)",5.0,4.0,True
A1GQAKL9CGQLP1,B003JVYRVA,PLEASURES by ESTEE LAUDER - BODY POWDER Size 3.5 OZ,5.0,4.0,True
A2Y8IDC1FKGNJC,B00W259T7G,"Pre de Provence Artisanal French Soap Bar Enriched with Shea Butter, Quad-Milled For A Smooth &amp; Rich Lather (150 grams) - Raspberry",5.0,4.0,True
AY49JOXTLDOG2,B00ZXFJ7SS,CICI&amp;SISI Nail Stamping Stamping Plate Set Jumbo 5-Set of 6 JUMBO Nail Art Konad Polish Stamping Manicure Accessories Kit All New Designs with FREE STAMPER &amp; SCRAPER TOOLS SET,4.0,4.0,True
A3EXIZWHSNVNME,B00WR5RNUQ,essie Nail Color Summer 2015 Collection.,4.0,4.0,True
AKMEY1BSHSDG7,B01F22HT1S,Simpir Facial Cleanser,5.0,4.0,True
A33PVCHCQ2BTN0,B00W259T7G,"Pre de Provence Artisanal French Soap Bar Enriched with Shea Butter, Quad-Milled For A Smooth &amp; Rich Lather (150 grams) - Raspberry",5.0,4.0,True
A2PD27UKAD3Q00,B019FWRG3C,Pre De Provence Maison French Lavender Bath &amp; Shower Gel,5.0,4.0,True
A3OC93X866Z8TB,B00CZH3K1C,"Crest + Oral-B Professional Gingivitis Kit, 1 Count",4.0,4.0,True
A1M1Y5UGONAW06,B00W259T7G,"Pre de Provence Artisanal French Soap Bar Enriched with Shea Butter, Quad-Milled For A Smooth &amp; Rich Lather (150 grams) - Raspberry",5.0,4.0,True
A29VG90T649CSU,B00W259T7G,"Pre de Provence Artisanal French Soap Bar Enriched with Shea Butter, Quad-Milled For A Smooth &amp; Rich Lather (150 grams) - Raspberry",5.0,4.0,True
A2O421DTA8J0RW,B00C6NZH3E,Philips Norelco 1250X SensoTouch 3D Electric Razor with Jet Clean System (Series 8000),4.0,4.0,True
A16AXQ11SZA8SQ,B0148A8B8A,"HOMMP Bath Loofahs Back Scrubber, 3 Counts",5.0,4.0,True
A3091RP0SPZLMN,B019FWRG3C,Pre De Provence Maison French Lavender Bath &amp; Shower Gel,4.0,4.0,True
A7C77J4MH94B6,B019FWRG3C,Pre De Provence Maison French Lavender Bath &amp; Shower Gel,4.0,4.0,True
A2R1HUYHXV7H18,B001W0QHJA, Olay Body Quench Plus Age Defying Body Lotion 13.5 fl oz (400 ml),4.0,4.0,True
AON853FSY8RNJ,B00Q5HOBNE,Venus Ultra Spray Tanning Kit with Black Tent &amp; Sunless Tanning Solution,5.0,4.0,True
A2GJX2KCUSR0EI,B01BBUZZ4S,Maybelline Color Sensational Vivid Matte Liquid (40 Berry Boost),5.0,4.0,True
A1VTPPQNT23IU8,B019809F9Y,Lectric Shave Pre-Shave Original 3 oz,4.0,4.0,True
A1ETGFU7HXPBXW,B019IMB8TM,"RUIMIO Makeup Brush 10-Piece Foundation Brush for Makeup Application, Blending, Highlighting and Contouring",5.0,4.0,True
A1LCO4WNARUY1,B015W9YJMI,DANCINGNAIL 10ml Pro Nail Art Glue for Foil Sticker Nail Transfer Tips Adhesive Star Nails,5.0,4.0,True
A1J0UVGB72L993,B00GW58YC8,"E.l.f. Moisturizing Lipstick Ravishing Rose, 0.11 Ounce",4.0,4.0,True
AF8VTQ4MKAUZI,B00KEFB5TG,Efivs Arts D75-1-mold Dragon on Fire Patterned Fake Temporary Tattoo Cover up Arms Sleeves 1 Pair,4.0,4.0,True
A30Z0GG96D11EO,B00W259T7G,"Pre de Provence Artisanal French Soap Bar Enriched with Shea Butter, Quad-Milled For A Smooth &amp; Rich Lather (150 grams) - Raspberry",3.0,4.0,True
A1GNYV0RA0EQSS,B008R7CNOE,Crest 3d White High Performance Whitening Whitestrips 10 Count,4.0,4.0,True
A15SU5NZZICM3J,B00RAMAHA4,D.J Hair Styling Pomade (Cream) -  Matte Look  - Professional Formula - The Best Hair Clay for Elastic and Strong Hold - Big Box (7.4 Oz),5.0,4.0,True
A3REJDGMZ1K6L8,B01B54XW54,Pure Body Naturals Eye Cream for Dark Circles and Puffiness &ndash; 1.7 fl oz,3.0,4.0,True
A24ZMNWTW8AQUR,B00W259T7G,"Pre de Provence Artisanal French Soap Bar Enriched with Shea Butter, Quad-Milled For A Smooth &amp; Rich Lather (150 grams) - Raspberry",4.0,4.0,True
A2LC8696JPJ3X7,B00HMBN5PC,Mehron Makeup Liquid Latex (4.5 oz) (Light Flesh),5.0,4.0,True
A39H1GO9E3YQIB,B019FWRG3C,Pre De Provence Maison French Lavender Bath &amp; Shower Gel,3.0,4.0,True
A2YB7DLC3FOR7W,B00W259T7G,"Pre de Provence Artisanal French Soap Bar Enriched with Shea Butter, Quad-Milled For A Smooth &amp; Rich Lather (150 grams) - Raspberry",5.0,4.0,True
A3H7995C67CWTI,B00W259T7G,"Pre de Provence Artisanal French Soap Bar Enriched with Shea Butter, Quad-Milled For A Smooth &amp; Rich Lather (150 grams) - Raspberry",5.0,4.0,True
A2D1LPEUCTNT8X,B00NJ270ZY,Suzanne Somers 3 Way Poncho AS SEEN ON TV Can be worn three ways,4.0,3.0,True
A17CHDFZ6SQI9X,B016RE5PBG,inkint Electric Cordless Hair Remover Armpit Hair Trimmer Lady&rsquo;s Hair Shaver for Face/ Leg/ Armpit Rechargeable Bikini Shaver Portable Travel Women Hair Shaving Tools (110-240V),5.0,4.0,True
A2FBRED718N0OW,B01ES87TOY,"Pacifica Beauty Underam Deodorant Wipes, Coconut &amp; Kale, 30 Count",2.0,4.0,True
A3I3BI5PFL3MSH,B00DGW1SFK,TOOGOO(R) Facial Beauty Tool Face Massager Facemaster 6 in 1 Set Pink for Woman,2.0,4.0,True
A3MPKRB89YR7DJ,B017NA03J2,Cardani Eyebrow Tattoos #17 - Classic Shape Temporary Tattoo Eyebrows - Medium Brown,3.0,4.0,True
A1FY4RR0LGCJ0Q,B017NA082E,Cardani Eyebrow Tattoos #17 - Classic Shape Temporary Tattoo Eyebrows - Dark Brown,5.0,4.0,True
A2CQ2X9H9HY6W0,B00WQAMC8U,100% Pure Organic Rosehip Oil HUGE 4 OZ VALUE SIZE! Rosehip Seed Oil For Face And Skin Potent Skin And Hair Health Elixir - Best Hydrating Organic Rosehip Seed Oil For Face And Skin,4.0,4.0,True
A2EXGRAA6QW96Z,B019FWRG3C,Pre De Provence Maison French Lavender Bath &amp; Shower Gel,5.0,4.0,True
A3W4D8XOGLWUN5,B00W259T7G,"Pre de Provence Artisanal French Soap Bar Enriched with Shea Butter, Quad-Milled For A Smooth &amp; Rich Lather (150 grams) - Raspberry",4.0,4.0,True
A3NM1MT3Q2FHXV,B016V8YWBC,"Dove Men+Care, Deep Clean Body + Face Bar, 4 Ounce, 6 Count, (Pack of 2)&hellip;",4.0,4.0,True
AT53ZTTO707MB,B00W259T7G,"Pre de Provence Artisanal French Soap Bar Enriched with Shea Butter, Quad-Milled For A Smooth &amp; Rich Lather (150 grams) - Raspberry",5.0,4.0,True
A19KLUZ1XD3SRN,B019FWRG3C,Pre De Provence Maison French Lavender Bath &amp; Shower Gel,4.0,4.0,True
AM18CU72YEWH5,B0144E3WPM,Flexzion Commercial Ultrasonic Cleaner Large Capacity Stainless Steel with Heater and Digital Timer for Electronic Tool Jewelry Watch Glasses Rings Dental Lab Hospital Instruments (1.5L Capacity),1.0,4.0,True
A7CB50G7AHZPW,B015J6DM7M,Kingfansion XL Silicone Dual Ended Nail Stamp Scraper Stamper Transfer Stamping Plate,1.0,4.0,True
A3PR4E9LZ76KOJ,B00NSPYXWA,Barry M Cosmetics Limited Edition Starry Eyed Shadow and Blush Palette 9.2g,4.0,4.0,True
A21TPY9BVC9IKZ,B01GE11PF2,"Sankuwen Eyebrow Scissors with Comb, Metal Comb Cosmetic Makeup Tool (Pink)",2.0,4.0,True
A2IY81PXGFK0JV,B01FHY4RES,NeoVeda Gotu Kola &amp; Ashwangandha Eye Cream - 50 ML - No Paraben Ivory,5.0,4.0,True
AZ26CDSJ363AH,B00KIE0SGE,Su:m37? Secret Programming Essence (Korean original) 100ml by Su:m 37,3.0,4.0,True
A1SO2EMQZA6OAM,B0179GD5CC,Vovotrade&reg; Toothbrush Style Foundation Brushes; Different Makeup Brushes,3.0,3.0,True
A2T0A3DUB6M3O2,B01BL54RPQ,"Luxurious 100% Natural 8x Bath Bomb Gift Box - Large 3.5oz Size - Pure Essential Oils for the Best Lush, Relaxing Bath. For Women &amp; Men",5.0,5.0,True
A3MRF11LISAKY0,B00S7QGWK6,"Sankuwen 1pc Samsung Wallet Case, PU Leather Flip Case for Samsung Galaxy Grand Prime G530H G5308 (Tower)",5.0,3.0,True
A1M04H40ZVGWVG,B006VT8GG4,This Works deep sleep bath soak 200g,5.0,4.0,True
AVN3IS0QO66DG,B017CHORY8,Lady Crystal Double Heart Open Bangles Bracelet for Holiday Party,4.0,4.0,True
A351VB0Y0KDS9Z,B01AVCVX9S,Paraffin Wax Therapy / Self Tanning Spa Cloth Mitts (3 Pack) (White) by Simply Beauty,5.0,4.0,True
A2OBDNQ5ZYU1L8,B00Q794RMA,12oz Magnesium Oil with ALOE VERA - LESS ITCHY - Made in USA - Get Healthy Hair &amp; Skin and Sleep Better! || FREE eBook Included (New),3.0,4.0,True
A3THYM7XMB8B0U,B00W259T7G,"Pre de Provence Artisanal French Soap Bar Enriched with Shea Butter, Quad-Milled For A Smooth &amp; Rich Lather (150 grams) - Raspberry",5.0,4.0,True
A3M3W5GV0HIQK4,B00W259T7G,"Pre de Provence Artisanal French Soap Bar Enriched with Shea Butter, Quad-Milled For A Smooth &amp; Rich Lather (150 grams) - Raspberry",5.0,4.0,True
A1R1BFJCMWX0Y3,B00W259T7G,"Pre de Provence Artisanal French Soap Bar Enriched with Shea Butter, Quad-Milled For A Smooth &amp; Rich Lather (150 grams) - Raspberry",3.0,4.0,True
A2YKWYC3WQJX5J,B000OXIAQY,Renova Red Toilet Paper -6 pack,4.0,3.0,True
A1WF3V89I4E8BR,B017JR0P3S,"Hair Straightener Brush UPGRADED WITH TEMPERATURE LOCK Function, Electric Ceramic LCD Hair Straightening Iron, Detangling Styling Comb",5.0,4.0,True
A2LW5AL0KQ9P1M,B00EYZY6LQ,"Fekkai Full Blown Aerosol Foam Cond Us 6.6 Oz, 6.660-Fluid Ounce",4.0,4.0,True
A290IJ0WM3AHYY,B00T9CJ83U,Zigabob Callus Remover For Feet...Rechargeable...Blue,5.0,4.0,True
AUSD2QRDAXMQ0,B002ESOAAC, Peach - Sun&#39;s Eye Pure Oils - 1/2 Ounce Bottle ,5.0,4.0,True
A3TWPW6C78JPGV,B01FCUNSHO,Set of 10: HBY8482; 5&quot; Soft Cotton Workout &amp; Yoga Stretch Moisture Wicking Headband Small Size,4.0,4.0,True
A23L8LPN5QPCKS,B01C3UL1ZM,KeyZone 2 Pcs Nice Leaf Ear Stud Front &amp; Back Earrings for Girls (Silver),1.0,4.0,True
A2ENL8SWTHBOP2,B01BWZL9PQ,Schwarzkopf BC Bonacure Repair Rescue Sealed Ends 2.6 Oz / 75 Ml Pack of 3,5.0,4.0,True
A20ZCHB9EV90D4,B0107QLDIE,Ularmo 2015 New Hot Fashion Women Chain Crystal Rhinestone Square Pendant Alloy Necklace Jewelry (silver),4.0,4.0,True
A2E1DNMPTN4JP7,B015NVG5Q8,Kingfansion 1PCS Nail Art Template DIY Nail Stamp Stamping Image Plate Print by kingfansion,5.0,4.0,True
A3HFQE02MDPC6I,B01A9G31QE,"InstaNatural Baby Shampoo &amp; Body Wash - With Aloe Vera, Vitamin E, Lavender Oil and Fruit Extracts - Soothing 2 in 1 Formula for Smooth Skin &amp; Soft Hair - 14 OZ",5.0,4.0,True
A3VMFWPD7BH272,B00T72SSTW,Adventure Medical Kits Adventure Dog Wipes (8-Count Wipes),4.0,4.0,True
A1KHU669CBQ95Y,B00WQAM3M0,"Vitamin C Facial Toner 4 OZ - Age Defying Vitamin C Toner With Certified 93% Organic Content. Packs A Punch In Your Fight Against Free Radicals, Damaged Skin, Fine Lines And Wrinkles.",4.0,4.0,True
A1RXYW994EXQ2C,B00KU8NYZU,Rosa Virginity Soap Bar Feminine Tighten with gift box (2),5.0,3.0,True
AU4VYON92SWCE,B01FTIQ18C,"Fiery Youth Purple Glass Essential Oil Roller Bottles with Stainless Steel Roller Balls,Useful for Aromatherapy Perfumes and Lip Balms, 6 Bottle Set,5mlGlass Roll on Bottle",5.0,4.0,True
A2KW4X7OVA1FII,B01B54XW54,Pure Body Naturals Eye Cream for Dark Circles and Puffiness &ndash; 1.7 fl oz,1.0,4.0,True
AFJQFSIUWBV9U,B00KML0IRC,100pcs Small Disposable Eyelash Extension Micro Brush Applicators Mascara 1mm,1.0,4.0,True
A1SA3N793WT2LM,B012TQ6AXS,Mary Kay&reg; Extra Emollient Night Cream Travel Size (Lot of 6),5.0,4.0,True
A3LJLRIZL38GG3,B00FOGXB9M,e.l.f. Essential All Over Cover Stick Concealer 3205 Ivory,4.0,4.0,True
A3KCWQLTZHY9KU,B01G37STL0,"BERGMAN KELLY Sisal Pads with Hook, 4 Pack - Stronger Than Loofah",5.0,4.0,True
A3INXMG34PE0TC,B01HB4BS1C,"Comestic Bag, Sandistore 1PC Women Travel Make Up Cosmetic Pouch Bag Clutch Handbag Casual Purse (1, Blue)",5.0,4.0,True
A2Y4PAVE9QOVFR,B017VQRMD8,Susenstone&reg; Professional Flat Contour Blusher Kabuki Blush,5.0,4.0,True
A2EWF2OWK60DJW,B004RZHDWM,Dried Chili (crushed red chili) 16 oz. (454 g),2.0,4.0,True
A2YUEM1RH97WWD,B005GMYQ1Q,Wet N Wild Lipstick Just Peachy #903C,5.0,4.0,True
A2Q8QQ26HOSS74,B00MQ7HRNI,(3 Pack) NYC High Definition Liquid Eyeliner - Extra Black,1.0,4.0,True
A2NLL1FJFW8HBF,B0140TEQDI,"BMC Nail Stamping Lacquers - Creative Art Polish Collection, 6 Colors: Set 1",3.0,4.0,True
A2GB94QUB404T3,B017V5IWJ2,Morphe Soul of Summer Eyeshadow Palette - 12S,4.0,4.0,True
A2B7PG6P30GPZT,B00T9CJ83U,Zigabob Callus Remover For Feet...Rechargeable...Blue,5.0,4.0,True
A5ONS9SBYZIN7,B01BXIB7QS,DND Gel &amp; Matching Polish Set #401 - Golden Sahara Star. Buy 5 any colors get 1 Diamond super fast drying top coat 0.5 oz Free,5.0,4.0,True
A1XKQX71GJASJR,B00G9NBPMO,Greenery*Colourful iPhone 4 4s External Rechargeable Backup Battery Charger Cover Case for Apple Iphone 4 4s with Portable Protective Back Cover(2200mAh&amp;2000mAh) (2300mah/black),5.0,3.0,True
APVEFBIJPTYWU,B007D825U0,Universalist Matte Multiuse Colorstick Nude Flush (9) 10 g by W3LL PEOPLE,5.0,4.0,True
AYYP2ZJFR7KKN,B01FWP41H0,"Alteya Organics Bulgarian Rose Water - 250ml / 8.5fl oz, From Our Rose Fields and Distillery",3.0,4.0,True
A2KWT6O18LED1A,B00TFABRE4,WATER NAIL TRANSFERS DECALS STICKERS ART SET #380 &amp; 172. **plus x48 nail tip guides!!** x12 BLACK POLKA DOT SPOTS FRENCH MANICURE LACE SPOTTY TIPS TATTOO TATTOO WRAPS &amp; x48 FRENCH MANICURE TIP GUIDES! CAN BE USED WITH NATURAL GEL ACRYLIC STICK ON NAILS! OR WITH GLITTER DUST CAVIAR BEADS ALLOYS DECORATIONS CONFETTI FIMO SHAPES TAPE PENS RHINESTONES!,5.0,4.0,True
A39UC6BZU60MRK,B00GH7OSEO,YESURPRISE 1pack 3D Beautiful Landscape Nail Art Tips Pack Decal Wrap Tattoo Transfer Stickers Decoration #11,5.0,4.0,True
A2WCJKPQJK7Q06,B00VW0LYMA,"BLACK FRIDAY SALE! Pine Nut Flakes - PINE POWER 1 POUND (454 g). Raw Product. Pressed From Wild Harvested, Organic Pine Nuts.",5.0,5.0,True
A1L0ADMPI0HUU2,B00P0BLZFI,Sannysis Fashion Women Silver Flower Plated Crystal Rhinestone Stud Earrings,3.0,4.0,True
A35H2VC3O5Q8BI,B017IJVDPG,Weixinbuy 12pcs Bright Lipstick Waterproof Cosmetic Lip Gloss Rouge Set,5.0,4.0,True
A27TB72QV6SBID,B0198AVZEM,"Moonight Flat Top Kabuki Retractable Brush - Incredibly Soft,Professional - Kabuki Brush - Premium Makeup Brushes",5.0,4.0,True
A28UIOU1J0YY8V,B015YEZ7Z4,"100 Pack of 90's Butterfly Hair Clips, 90's Accessories Hair Clips, Bulk Small Butterfly Hair Clips (100-Pack)",5.0,4.0,True
A1GLZSLS2JHS7X,B01AWPAD5O,EVERMARKET 15 Colors Professional Concealer Camouflage Makeup Palette Contour Face Contouring Kit,5.0,4.0,True
ACJ9N7ED37HXS,B00RCJU6Q0,"dr. brandt Cellusculpt, 6.3 fl. oz.",4.0,4.0,True
ATV6UWVB04G2S,B01F22HT1S,Simpir Facial Cleanser,5.0,4.0,True
A3Y15MFKAKJR3,B01A50NLXM,Born Pretty1 Sheet Colorful Feather Nail Art Water Decals Transfer Stickers,5.0,4.0,True
AAXXRE1TT70XH,B00MNAKERY,2 Pack Jordana Matte Lipstick 49 Lavender Lady,3.0,4.0,True
A2NJVP1JZ5G8VD,B00NS8YAHU,Doinshop New Nice Fashion Tibetan Silver Retro Women Hand Chain Bracelet Jewelry (Three Roses),5.0,4.0,True
A1CG8EIIBD69QX,B01H71ND58,Sankuwen Women's Chic Sterling Silver Crystal Heart Shaped Love Wedding Ring (7) by Sankuwen,5.0,4.0,True
AI757Z7LWG3AS,B00WIZ2HUQ,"Greenwich Bay Soap Bar for Men, Shea Butter Moisturizing Bar, Men Natural Bath Soap (10.5 Oz - 1 Bar)",4.0,4.0,True
A22QOZZLLIMW6I,B015J6DM7M,Kingfansion XL Silicone Dual Ended Nail Stamp Scraper Stamper Transfer Stamping Plate,5.0,4.0,True
AH5NJQM5TC7SW,B018J05XSQ,Mia Secret Cover Beige Acrylic Powder 2 Oz by Mia Secret,5.0,4.0,True
AAILM6I51L2RI,B00LA5I2LI,Black Natural Macara,3.0,4.0,True
AC00X2B6MK4AZ,B00WW42O7Y,Clinique Different Lipstick .14 oz / 4 g Full Size (Think Bronze),3.0,4.0,True
A1BXCL7V7J6UWO,B00B1DIXAO,"Lavender, Wild Essential Oil (Lavandula officinalis) Therapeutic Grade BY NuKira (10 ml)",5.0,4.0,True
A3IARFW5PBDOCT,B017CHORY8,Lady Crystal Double Heart Open Bangles Bracelet for Holiday Party,5.0,4.0,True
AY7QE5RESIJRD,B00QXT6GVY,BMC Pretty 4pc Multicolor Shells By The Seashore Nail Polish Art Water Transfer Sticker Sheet Set,3.0,4.0,True
A2AUTH9FO2MVW,B001F0JMP8,Be Fine 001102 Lip Serum,4.0,4.0,True
A3SHEE6BGOFEFY,B00S4ADEJ2,Woman Lady Retro Style Square Black Zircon Full Crystal Ring Jewelry Size 9,5.0,4.0,True
A36FAB01ELPEWT,B01AWXGD3M,True by Made Beautiful Hydrating Hair Butter 12oz,3.0,4.0,True
A1MUUSBPOWGDZR,B00R3SRXCA,Fashion Wedding Bridal Flower Fabric Dendrobium Orchid Hair Clip Brooch Barrette Yellow,3.0,4.0,True
AQJXAI9UU04KY,B01A8GM12A,Silvercell 3D Highlighter Stick Portable Cream Highlighter Waterproof Aloe Extract Moisture Concealer,5.0,4.0,True
A26EW471EVYB5,B017W71YD0,"OVERMAL 22inch ,Fashion Hot Mens Womens Sell Silver Jewelry Snake Chain Necklace",5.0,3.0,True
AFADXZJYP5VHW,B017N7H1YU,ABC&reg; Pro Makeup Cosmetic Brushes Powder Foundation Eyeshadow Contour Brush Tool,4.0,4.0,True
AKBNQZWQM9EE9,B00L5E74VS,Nailart NAIL TATTOO STICKER - Full-Cover - Zhostovo / Flowers / Blossom - green / red / black,5.0,4.0,True
A2GYSBPPA0A01C,B00UL4GGGC,Redcolourful Silicone Rubber Face Slimmer Mouth Muscle Tightener Anti-aging Anti-wrinkle Beauty Tool,1.0,3.0,True
A3K6852AILJ825,B00NV5SV70,10Pcs Pretty Colorful Dice Style Navel Belly Button Barbell Ring Body Piercing Random Colors,5.0,4.0,True
A395FEILIN40UR,B00JS58PIC,Skinnies Instant Lifts THIGHS 25 PR Adhesive Strips Instantly Lift Skin,5.0,4.0,True
A27EEED41ARJ4J,B01BK1E7Q0,Skinnies Instant Lifts - 5 Pair Arm Lifts - Clear Adhesive Strips Instantly Lift to Make Arm Appear Slim,5.0,4.0,True
A3HCS5YVL6KHWM,B013G939TU,DaySeventh Women Gold Double Turquoise Sequins Pendant Chain Statement Necklace,5.0,4.0,True
A3TSKADB7Y3BZK,B01DKI87US,Ownsig 24 x Women Elegant Crystal Rhinestone Titanium Steel Nose Ring Bone Stud Set White,5.0,4.0,True
AZEVJCQESFBBC,B01EWU9DCE,Pro 15 Colors Concealer Contour Palette +1 PC Toothbrush Curve Foundation Brush,1.0,4.0,True
A3TXQYO83I47MV,B01DMS5AYC,Pincer Professional Stanted Tip Stainless Steel Multipurpose Tweezers,5.0,4.0,True
A3QG0HA91HZWXK,B00S8LDM1M,"ClipPro (Formerly KlipPro) Cute Slant Eyebrow Tweezers - Shaped like a Fish, Brushed Stainless Steel, See Coupon Code Below for BOGO Sale.",5.0,4.0,True
A18ZGUDDP8P3RN,B001OI5XV8,Night Queen - Fancy Glass Bottle - Song of India Perfume Oil,5.0,4.0,True
A3TTEZO5GE9BTT,B01FL462KQ,Lilah James KP Exfoliating Scrub 8oz - A Natural Mask And Scrub For Keratosis Pilaris,5.0,4.0,True
AATIW1XBE0NBE,B018JXFYN2,Born Pretty Nail Art Stamping Template Image Plate Love Theme BP72,5.0,4.0,True
A1U8L4X1O2LXXF,B00T5W0GKS,Urparcel Liquid Foundation Smooth Natural Long Lasting Makeup Beauty Cosmetics,5.0,4.0,True
AVI0HED97G0ZP,B0126EKQ5Q,[Holika Holika] PRO:BEAUTY Tint Tok #PK103 Romantic Spring 0.6g+1.1g,2.0,4.0,True
A373FBTOBH5ADS,B01B3QG1VQ,"Tea Tree Foot Soak 32oz (2-Lbs) Epsom Salt With Tea Tree &amp; Eucalyptus Essential Oils &amp; Vitamin C - All Natural - Relieve Athlete&rsquo;s Foot, Nail Fungus &amp; Foot Odor",5.0,4.0,True
A12GRMDCCI9BSD,B00GTO075O,NiceDeco - nail stickers nail tattoo nail deacl water transfers floral wild hedge row roses/buds,5.0,4.0,True
A3SCXR7KBNLK7Q,B00KGLDNAC,BMC 14pc Vibrant Color Peacock Feather Inspired Nail Effects Decal Wrap Stickers,5.0,4.0,True
AGWRBJUXA6H1Y,B014H9PNEM,24PCS Matte with Metallic French Acrylic False Fake Full Nail Tip Art Burgundy,1.0,4.0,True
ACTDC173JRWGP,B00P0BLZFI,Sannysis Fashion Women Silver Flower Plated Crystal Rhinestone Stud Earrings,5.0,4.0,True
A3R5XXIEYDFNPD,B01FY4WF54,One Bottle 6 oz of Propylene Glycol USP PG Kosher 99.9% Pure Food Grade,4.0,4.0,True
AP1N2DZZB6IF8,B00XE97CE6,Sanwood Beauty French Manicure Nail Art Form Fringe Guides Sticker DIY Stencil (Type 1),5.0,4.0,True
A1E5TS4G2REL77,B00P2GD608,Stretch Mark Cream (4oz) - Best treatment to Reduce &amp; Prevent stretch marks - Intensive moisturizing &amp; hydrating formula with Natural Ingredients - Used during Pregnancy &amp; After Birth - For Women &amp; Men,5.0,4.0,True
A26OL1GCY87D78,B00NB96EI4,"BMC 6pc Metallic Color Nail Stamping Lacquers - Creative Art Polish Collection, Set 3",5.0,4.0,True
A34P5L4CY3ANIE,B01CBB3020,Kingfansion Nail Art Stamping Stamper Scraper Image Plate Manicure Print Tool DIY (Blue ),5.0,4.0,True
A1BRCVMQ7C9CGJ,B00S8JQKEA,"Exquisite Eyes 3D Fiber Lashes Mascara, Water Resistant, Brush On Black Eyelash Extensions Instantly, Non Toxic Natural Ingredients, 300% Increase in Volume and Length, 30 Day Money Back Guarantee, Sold Exclusively by Ultra Beauty Essentials",4.0,5.0,True
AOADTSGQ0CULN,B01DXY95G4,DANCINGNAIL 2 Bottles 15ml Silver Mirror Effect Nail Polish Varnish And 15ml Top Coat Manicure,4.0,4.0,True
A1VPSQ59G56IZT,B003YQ1UYW,HAWAII FOREVER FLORALS PASSION PINEAPPLE PERFUME,4.0,4.0,True
A3AYSYSLHU26U9,B01E7UKR38,essie Gel Couture Nail Polish,2.0,4.0,True
AEC90GPFKLAAW,B00ZCGXPIQ,Miracle Marvel 10 Effects - 10 In 1 Keratin Based Miracle Leave-In Hair Treatment - 8.45oz/250ml,5.0,4.0,True
AK53IJLIY9FHC,B00IIAK94Q,&quot;THE LOVER&quot; Masculine Pheromone Cologne with the &quot;CRAVE&quot; Fragrance From SpellboundRX - The Intelligent Pheromone Choice,5.0,4.0,True
A12PAVZI1JTFOI,B016XE2VBM,Cala Professional Eyelash Curler - Won't Pinch or Pull - Anti-slip Deluxe Contour Grip - Extra Refill Pad Included,5.0,4.0,True
A27YBG8LOP3277,B017KP3ZJU,Elbahya Organic Moisturizing Bar Soap with Argan for Face and Body. Fragrance Free for All Skin Types. 2.82 Oz,5.0,4.0,True
A1ADK2SKQOLO02,B013H5EM6W,Contouring Slimming Ultimate All Natural Body Wrap 10 Applications,5.0,4.0,True
A3DOVV4QK9GBPD,B00KCTMXM2,Katialis Soap Antibacterial Antifungal 90g (Sulfur Zinc Oxide Salicylic Acid),5.0,4.0,True
AZ4LJ8GSD0PP,B017EUHLCI,Benjamin Jacob for Men Premium Pre-Shave Oil 2 oz,5.0,4.0,True
A18XFML6EP8NUR,B00TIP6XJU,WATER NAIL TRANSFERS DECALS STICKERS TATTOO ART SET #601 &amp; 172. **plus x48 nail tip guides!!** x24 HALLOWEEN WAVING SKELETON TATTOO WRAPS &amp; x48 FRENCH MANICURE TIP GUIDES! CAN BE USED WITH NATURAL GEL ACRYLIC STICK ON NAILS! OR WITH GLITTER DUST CAVIAR BEADS ALLOYS DECORATIONS CONFETTI FIMO SHAPES TAPE PENS RHINESTONES!,4.0,3.0,True
A2PV67SAALVAI4,B01CF6W680,Korean Natural 5 Seeds Apple Water Brightening Scrub - 80 ml,5.0,4.0,True
A32FIC3RN3SU95,B01CF6W680,Korean Natural 5 Seeds Apple Water Brightening Scrub - 80 ml,5.0,4.0,True
AKX8LPOXAD7CQ,B00MBNF37E,Skyluna Boho Style Floral Flower Women Girls Fashion Hair Accessories Hairband Headbands Festival Party Wedding 10pcs/lot,5.0,4.0,True
A38IPSLKOQ5O2F,B010L79142,ROPALIA Cosmetic Makeup Waterproof Moisturize Lipstick Lip Stick Lip Gloss,3.0,4.0,True
AI8DDPX23JCV2,B00NT0AR7E,OZNaturals Anti Aging Retinol Serum -The Most Effective Anti Wrinkle Serum Contains Professional Strength Retinol+ Astaxanthin+ Vitamin E - Get The Dramatic Youthful Results You&rsquo;ve Been Looking For,5.0,4.0,True
AYABRBZUMRLXQ,B019IMB8TM,"RUIMIO Makeup Brush 10-Piece Foundation Brush for Makeup Application, Blending, Highlighting and Contouring",5.0,4.0,True
A1D0YC94ZS5CNO,B015NMJGSG,Svelta Tan Self Tanning Mitt / Patented Design / Flawless Streak-Free Application for Sunless Tanning,3.0,4.0,True
A3KHFQ54ISAFBQ,B00MGLB99W,Graceful Design Surgical Steel Belly Button Navel 14 Gauge Curved Bar Bananabell Piercing With Clear Rhinestones Crystals Studded Silver Coloured Dragonfly Shaped Pendant Dangle By VAGA,5.0,4.0,True
A2MBLVMVDLHK1L,B00XMR53RI,"ZeroShop(TM) Empty Clear Spray Bottles / Portable Refillable Fine Mist Sprayer Bottles for Cleaning Products,Beauty Treatments / Pack Of 3 (Colors may Vary)",5.0,4.0,True
A1G3MTAU8Z6CNG,B00V6FYUPY,WATER NAIL TRANSFERS DECALS STICKERS ART SET #645 &amp; 172. **plus x48 nail tip guides!!** x12 A'MORE! FRENCH MANICURE TIPS TATTOO TATTOO WRAPS &amp; x48 FRENCH MANICURE TIP GUIDES! CAN BE USED WITH NATURAL GEL ACRYLIC STICK ON NAILS! OR WITH GLITTER DUST CAVIAR BEADS ALLOYS DECORATIONS CONFETTI FIMO SHAPES TAPE PENS RHINESTONES!,5.0,3.0,True
AZQZIAWSFBHLW,B00NB0Q2R6,Gorgeous Sparkly Silver Colored Double Heart Pierced With Arrow Shaped Clip On Pendant Charm For Bracelets Bangles Studded With Pink And Clear Rhinestones Crystals By VAGA&copy;,4.0,4.0,True
A1B4SZX87THLCM,B00NB0PR1I,Amazing Fashionable Silver Colored Phone Card Shaped Clip On Pendant Charm For Bracelets Bangles With Red Heart And Rhinestones Crystals Gemstones By VAGA&copy;,5.0,4.0,True
A38FB414U3B72L,B00NB96EI4,"BMC 6pc Metallic Color Nail Stamping Lacquers - Creative Art Polish Collection, Set 3",5.0,4.0,True
AQDP9WM63306B,B00WMP9VH4,Kingfansion Elegant Leaf Crystal Earring Dangle Ear Stud Cool Cuff Clip (Silver) by kingfansion,5.0,4.0,True
ANTLOTLGG3NNP,B00YO55LJC,"ArtNaturals Mosquito Repellent Bracelet, Pest Control Repeller w/ 2 Refills Keep Mosquitoes Away, No Spray, 24hr Protection for Men, Women, Kids Against Insect Bites - Natural Ingredients, Deet-free",5.0,4.0,True
A3I9P5FX92794B,B00RYGTT2S,Sannysis Black Retro Henna Vintage Tattoo Yin Yang Choker Necklace,5.0,4.0,True
A3R0K00OY46KRL,B00PMB5AXY,Amazing Value Jewelry Set Kit of 3 Fashionable Great Quality Leather And Braided Ropes Wrap Around Bracelets / Bangles In Different Colors With Silver Colored Charms By VAGA&reg;,5.0,4.0,True
A11WQTPV352LGH,B00NOFU1IY,Yalmeh Naturals Eye Bright Gel,5.0,4.0,True
A2J3GFDTSSC0WC,B017CHORY8,Lady Crystal Double Heart Open Bangles Bracelet for Holiday Party,5.0,4.0,True
A3E8R7PQJYY8X3,B01AHWTME0,"Clear Lift Revitalizing Serum - Natural &amp; Organic Ingredients - Includes Wakame (Seaweed), Lactic Acid, Licorice, Gotu Kola and Argan Oil - 1.18 Oz - A New Beginning for your skin.",5.0,4.0,True
APLRKSXS35D6U,B006KI1JX8,Weave Aide Gray Coverage Pomade Brown 2oz,1.0,4.0,True
A784II17GB3ZH,B017BJ8KFE,Ownsig Lady Charming Bloomy Four Leaf Clover Flowers Rhinestone Ear Stud Earrings Yellow,5.0,4.0,True
AJ9ZYMEUY14AX,B01B5GTUM6,"Coconut Oil Hair Mask - Deep Conditioner with 100% Cold pressed Coconut, Argan, Rosehip oil &amp; Shea Butter - Repair and Moisturize Dry, damaged or Color Treated hair - for all hair types 8 Oz",4.0,5.0,True
A1YX4EVIFGRGAD,B01DL917R6,HBY Headbands Sweatband For Men Women - Design For Sports Workout Runnning Yoga - Stretch Moisture &amp;Wicking - 5 Pcs,3.0,4.0,True
A8JX84BKZ7GV6,B018K8OCWU,BORN PRETTY Nail Art Water Decals Cat Transfers Sticker Pretty Black Cat Pattern 1 Sheet,5.0,4.0,True
A2ZJZGD7G8SP5L,B00SJKXDWK,"Unique Set of 5 High Quality Surgical Steel Belly Button / Navel 14 Gauge Curved Bars Bananabells Piercings With Different Pendants Including Silver And Blue Colored Gems Flowers And Jewels Tassels / Dangles, Silver Leaf And 3 Blue Beads / Pearls, Rhinestones Studded Silver Colored Dragonfly And Frosted / Frost Crystals Balls By VAGA",5.0,4.0,True
A3N8WUN9ZS5XMS,B018E71TKU,Sannysis Fashion Women Silver Plated Crystal Rhinestone Stud Earrings &iexcl;&shy;,5.0,4.0,True
A3G3UE0P6T6JRD,B01EGW8RPC,Dana Basics Baby Girls Toddler Bow Headbands Turban Knot Rabbit Hairband Headwear (9 packs),4.0,4.0,True
A2Y771VL7HT81N,B012ELUFOS,"It Works Best Natural Stretch Mark Scar Removal Cream and Skin Repair by Royal Dead Sea, Moisturizer with Supports Collagen Production During/After Pregnancy or Weight Loss, Therapy Remover (4.05 oz)",4.0,4.0,True
A3QKWFC92S03MP,B00R3ZJ0V0,"Pure Dead Sea Mud for Skin Care Treatment and Mud Wraps by Adovia - 11 Pounds Resealable Tub - Great for DYI Skin Care, Facial Mud Mask, Scrubs, Soap and Slimming or Detox Body Wrap - Used in Top Spas",5.0,5.0,True
A3LX2VT91TE1M1,B011PIM56W,Set of 20: HBY8482; Solid Stretch Knot Pony Elastics Ponytail Holders,5.0,4.0,True
A2XM7I6NKP0AWS,B01B57QJHY,"(16 oz) Raw Mango Butter with RECIPE EBOOK - Perfect for All Your DIY Home Recipes like Soap Making, Lotion, Shampoo, Lip Balm and Hand Cream - Bulk Organic Unrefined Mango Butter is Great for Scars",5.0,5.0,True
A31UIBZWTBK56,B01EMXW39Q,SOONPURE Concentrated Collagen Eyes Serum 10 ml,5.0,4.0,True
A1X5TZ8JNE5J6U,B00R0B41AW,My Beauty Diary Oligopeptide Treatment Mask 8pcs,5.0,4.0,True
ACJQXKFGENRXN,B01H71ND76,Women's Chic Sterling Silver Crystal Heart Shaped Love Wedding Ring (8),5.0,4.0,True
A29EXH587NM1ZP,B0194D91RG,"Urberry Grand Prime G530h G5308 Case, [Cute Black Design] Protective TPU Gel Case for Samsung Galaxy Grand Prime G530h G5308 with Phone Braceket and Anti-dust Plug",5.0,4.0,True
A3PEOF0GX4EN38,B01E7UKR38,essie Gel Couture Nail Polish,2.0,4.0,True
A3R8RBOJ425KM7,B01DGWYQCG,"Exfoliating Grapefruit Body Scrub for Face and Body Exfoliating Scrub for Acne and Inflammation, 12 Ounce by Pure Body Naturals",5.0,4.0,True
A3IQDFRFZCAPU3,B01BPDEGTG,LA-Splash Cosmetics Velvet Matte Liquid Lipstick - Tiramisu,5.0,4.0,True
A3N1UHEMRRT9,B00RIWAJXQ,Shiny Alluring Pair of Earrings / Ear Studs With White Faux Pearls And Silver Colored Butterflies Decorations Encrusted With Rhinestones / Crystals / Gemstones By VAGA,5.0,4.0,True
A1A3R2SG60TOR0,B00GRZL01A,"Hair Ties 25 Pack Assortment Glitter Hair Ties, Prints Hair Ties, and Solid Color Hair Ties - By Kenz Laurenz",5.0,4.0,True
AX3W584MF8UTO,B0058Q2OIC,Ivory Caps Complete Skin Lightening Systems (System 2),5.0,3.0,True
AKT94HTZY4FLB,B01DMS5AYC,Pincer Professional Stanted Tip Stainless Steel Multipurpose Tweezers,4.0,4.0,True
A308W2VVT0LNRL,B019ET96Q6,Generic 1Pc Nail Art Transfer Sticker Paper Holographic Nail Foils,5.0,4.0,True
A4XKYCS51TSE5,B017THCPXQ,Schwarzkopf Igora Royal Permanent Hair Color - 5-1 Light Ash Brown,5.0,4.0,True
A1K9DYI18DM028,B01AL9W2TG,"Beautonics Advanced Hair Straightening Brush - New 2016 - Safest Anti Scald, Anti Static Protection - Most Effective And Rapid Heating, Styling - Massage Irons, Detangling Brush Straightener - Gold",5.0,4.0,True
ADMZA44JUM6AS,B017ZKMV9U,Electronic Nail Care System - Manicure Pedicure - Toe and Finger Nail Care - File Buff &amp; Shine - Electric Nail File Set - Perfect Salon Finish - Strong Healthy and Shiny Nails in 3 Simple Steps,1.0,5.0,True
A80TXV9F8ORDA,B01HATTFWW,Asgens Acrylic Oval Makeup Brush Storage Organizer 10 Lattices Cosmetic Display Shelf (Clear),5.0,4.0,True
A3RD5N83RL45C1,B00INX0TMA,Roller Electrode for High Frequency Devices Argon 11.50mm,4.0,4.0,True
AWPGS95EL5LOQ,B01CDEHN1E,"Deko Triple Action Vitamin C Serum with Hyaluronic Acid &amp; Aloe for Wrinkles and anti aging, Sun &amp; Age Spots, Acne Scars, Dark Circles &amp; More",1.0,4.0,True
A2NJQHX1R6945Y,B01DBSKV8I,Bluezoo Nail Stamping Manicure Image Plates Accessories Kit*FLOWER OF LIFE* 2 Stampers and Scrapters Included For Diy Salon,5.0,4.0,True
A1Y5TEGKKBL5X3,B01B5GTUM6,"Coconut Oil Hair Mask - Deep Conditioner with 100% Cold pressed Coconut, Argan, Rosehip oil &amp; Shea Butter - Repair and Moisturize Dry, damaged or Color Treated hair - for all hair types 8 Oz",5.0,5.0,True
A2XZM64TLWL34O,B017WQUXKG,Professional Anti-Wrinkle Vitamin C Hyaluronic Acid Serum For Facial And Decollete Smooth Out Wrinkles With Vitamin C + E Tighten Plump Rejuvenate Brighten Skin 1.7 Fl Oz,5.0,4.0,True
A1VUXNNB1NJ2PT,B0140TEQDI,"BMC Nail Stamping Lacquers - Creative Art Polish Collection, 6 Colors: Set 1",4.0,4.0,True
AML9BBDXHJFFM,B00UHDHALM,Great Value Set of 2pcs High Quality Pink And White Silicone Anti Spill Non Slip Polish Varnish Bottles Holders For Nail Art By VAGA,5.0,4.0,True
ABMBWBGU3F1O1,B00WDT7WWK,Born Pretty 10Pcs BP61-70 Nail Art Stamping Plate Image Plate Stamp Template,5.0,4.0,True
A28HBJOYP6BL62,B01CY5NC44,[MOGONG DODOOK] Legendary Empress AHA &amp; BHA Collagen Emulsion 200ml,5.0,4.0,True
A1UVFW4DHRIM6Q,B01C2W7E6Q,"Dermafresh Microdermabrasion Face Scrub, #1 Best Face Exfoliator Containing Crystals and Fruit Enzymes To Slough Away Dead Skin Cells, Unblock Pores and Boost Superficial Circulation 100% Guarantee 60 ml",5.0,5.0,True
A3OU5DEQVEJC2S,B01GOQWVSW,"Am&eacute;lie Moisturizer With Retinol, Vitamin E &amp; Hyaluronic Acid. Night Cream For Wrinkles, Lines &amp; Other Signs of Aging. Anti-aging Formula With Organic and Natural Ingredients.",5.0,4.0,True
A7KUIMIURG3EM,B019Z9L6YU,Elite99 Soak Off UV LED Gel Nail Polish Manicure Lacquer Nail Art Decoration 7ml 1864 Glitter Peach Pink,2.0,4.0,True
A2HWYKGL35IQXI,B017YS7ZY4,Qimisi Base Coat Soak Off UV LED Gel Nail Polish,5.0,4.0,True
A1NXV3OIJDSNPQ,B00RGHO0CO,Generic Nail Art Dappen Dish for Paint Color Mixing Palette Set of 3,5.0,4.0,True
AJPAZG1GQX8DY,B01ANAG870,Urban_decay 24/7 Glide-on Eye Pencil in Shade Perversion Full Size (1 unit),2.0,4.0,True
A1GMRADVC9OZ2S,B01DU6WN3C,Vovotrade 6 PCS Lip Gloss Lipstick Matte Velvet Waterproof Super Long Lasting Not Fade by Vovotrade,4.0,4.0,True
A1NN3QXELSQC2G,B01GST37XS,24pc Lipstick Nabi Round Lipsticks,5.0,4.0,True
A3HO48H338BT4H,B0189TAOIQ,Urhairsolutions Brazilian Virgin Hair Straight Human Hair Weave 1 Bundle of 10 Inch Natural Black Color (12 brazilian stra),5.0,4.0,True
A1L2KPZBE1HSW5,B018JXEE10,Born Pretty Nail Art Stamping Plates Template Image Plate Sailors and Sea Sailing Theme BP33,5.0,4.0,True
A1O98UU8QASXM,B01C6AAPDS,"Glam and Glits, Mood Effect Acrylic Powder Collection 1 oz Jar (ME1025 - Purple Skies. Buy 2 Jars (Any color) get 1 Verity Nail Lacquer 0.5 oz FREE)",5.0,4.0,True
A3S5FRDKD52VBG,B01EHVYLB6,SOONPURE Snail Serum 10ml,5.0,4.0,True
AFNGCFXDPE55P,B019Z9K51K,Elite99 Soak Off UV LED Gel Nail Polish Manicure Lacquer Nail Art Decoration 7ml 1541 Greyish Brown,5.0,4.0,True
AF23AAPARMWIW,B01EIPJYRC,"Deko Anti-Wrinkle Serum1 FL oz &ndash; Powerful Anti Aging Formula for Fine Lines, Dark Circles, Crows Feet &amp; More",5.0,4.0,True
A16MXRFTZHDYRD,B00R3SRXCA,Fashion Wedding Bridal Flower Fabric Dendrobium Orchid Hair Clip Brooch Barrette Yellow,5.0,4.0,True
AO98QFA25QGU3,B019OB7WXS,"Makeup Bag, Sandistore Double Layer Cosmetic Bag Travel Toiletry Makeup Bag (Beige)",5.0,4.0,True
A2LR0CGMG7QDZ1,B01EILNMU6,Oliadesign Pack of 10 Barrettes Bobby Pin Hair Clips Bride Headwear Edge Clip Clamps,5.0,4.0,True
A170PWRJE5FJ7Z,B01EILNMU6,Oliadesign Pack of 10 Barrettes Bobby Pin Hair Clips Bride Headwear Edge Clip Clamps,5.0,4.0,True
A3HRNB5LOA737U,B00KGWP6VK,IsaDora B.B. Cream all-in-one make up SPF 12 (35ml) 03 MEDIUM. For all skin types.,3.0,4.0,True
A1RVHBS6EP5RER,B019I09XW8,BORN PRETTY 1 Sheet Cute Elephant 3D Nail Art Stickers Cartoon Heart Bear Pattern Adhesive Stickers Decals,5.0,4.0,True
ACFL0YAAA12LL,B011APUKSA,Unisex Perfume Premium Fragrance Body Oil Roll on - Similar to Acqua Di Parma,5.0,4.0,True
A34B7GT56TE4CZ,B00SUCC0XK,Tattify Rain Nail Wraps - Raindrops (Set of 22),5.0,4.0,True
A152C9DCMDC21C,B01B7ADZEO,Skinfood Organic Coconut Oil Moisturizer,5.0,4.0,True
A2KYOC9YNAL3B6,B00W4VTPB8,"Tomato and Betonite Clay Soap Bar, Clear complexion, 100% Natural and Handmade, Made with Pure Therapeutic Essential Oils, Chemical free - 4.5 oz",2.0,5.0,True
A9YTY73E5PTVA,B019ADT8T6,Zoella Beauty All That Glimmers - Fluffy Powder Puff with Dusting Shimmer 8g,3.0,4.0,True
ARTA80PYMX8CN,B0199MCIK4,BORN PRETTY 9 Tips Laser Nail Vinyls Vintage Damask Nail Art Manicure Stencil Stickers NF213,5.0,4.0,True
A1ZJXLH99D3ED8,B01FF30IHG,Living Nature Sensitive Skin Firming Eye Cream,5.0,4.0,True
